Store,Dept,RMSE,MAE
1,1,8549.07118457,3564.36958823
1,2,6470.78230362,6159.82988918
1,3,5290.79363604,2378.16059899
1,4,2789.83318764,2329.72779085
1,5,9075.76500962,8150.23951746
1,6,2165.6313324,1859.89182094
1,7,13231.6000139,12466.6667789
1,8,3989.52864654,3572.17356537
1,9,4650.50107136,3132.84162309
1,10,3755.72876816,2798.3364436
1,11,5101.78326225,3962.36593738
1,12,1727.30026221,1366.34308456
1,13,3928.18643395,3514.76017502
1,14,2059.88174383,1553.32929589
1,16,4776.77971247,3885.69878718
1,17,1418.37114562,1198.19261618
1,18,3266.10836899,1670.12420907
1,19,438.587010435,342.874980285
1,20,902.487719452,717.878581466
1,21,1279.91556191,1061.43686816
1,22,1309.38440572,1154.50947116
1,23,2725.93532938,2340.99560957
1,24,2606.91843726,1970.63681046
1,25,1596.47131367,1213.57226908
1,26,2016.08592981,1602.52690545
1,27,354.366740903,289.050874613
1,28,111.35206191,90.2221442432
1,29,524.378286462,422.420123406
1,30,498.805542667,389.550957416
1,31,1118.13536478,658.697150153
1,32,1821.4278305,1410.51934594
1,33,2205.96851586,1664.11840076
1,34,2523.92996161,1968.49207681
1,35,569.444610076,468.628946898
1,36,778.108538872,597.427668078
1,37,420.957437267,342.043707025
1,38,9952.60898162,7867.19683732
1,40,5792.84593003,5367.52079504
1,41,1046.84201453,988.616020642
1,42,1067.83722344,770.638678306
1,44,1016.4229751,873.060101636
1,45,12.7722974854,9.84768641275
1,46,2011.85783119,1686.85377491
1,47,143.208922436,104.727359518
1,48,1699.15307628,1551.06624922
1,49,2725.3448931,2269.56923926
1,51,0.315129612721,0.315129612721
1,52,669.140341845,538.52682649
1,54,53.3124553143,41.1775303932
1,55,2343.22834442,1990.57669163
1,56,1080.38631009,872.756691475
1,58,2168.68371483,1726.56277976
1,59,6369.27552169,6312.87350638
1,60,148.76583128,118.221065999
1,67,2372.33093421,1130.14030108
1,71,986.209220714,768.894372929
1,72,9340.51367556,6645.60873679
1,74,3284.71036341,2804.05629705
1,77,91.90396645,84.6272103629
1,78,1.5352009496,0.292136695027
1,79,3833.96039912,2699.05120345
1,80,3041.89020632,1854.49859157
1,81,2212.95633261,1870.94774444
1,82,3149.32076649,2733.4320402
1,83,991.252388119,848.016756738
1,85,572.055785164,441.668882318
1,87,4923.38094477,3666.19439471
1,90,5741.21538197,4787.54908606
1,91,3040.5125563,2390.38303748
1,92,6406.72240904,5204.93279762
1,93,5011.77321408,4072.2555968
1,94,6560.95705092,5487.85045613
1,95,5601.22950358,4438.19083143
1,96,4753.59663848,3081.96797668
1,97,1816.2097859,1466.16515134
1,98,1507.18237301,1258.81208809
1,99,800.674636248,777.147322215
1,39,0,0
1,50,0,0
1,43,0,0
1,65,0,0
2,1,14114.7515881,9006.10682662
2,2,3105.71809441,2526.10036213
2,3,6170.3597738,3142.26589704
2,4,4172.69754025,3595.45360942
2,5,11920.5364229,10947.9005477
2,6,5626.09337454,5440.60370991
2,7,19946.2992236,18665.5803236
2,8,6467.52058777,5753.44904326
2,9,4446.33974765,3359.90947195
2,10,4267.68522386,3504.08294461
2,11,4670.67402887,3705.27421112
2,12,971.258667526,810.336170494
2,13,6983.36239815,6565.80153709
2,14,2304.5652481,1815.1522689
2,16,6022.98551389,4254.99199035
2,17,2153.34675645,1828.60176106
2,18,4763.0448503,2884.51640534
2,19,967.454041557,862.065509972
2,20,634.662240859,536.864472332
2,21,1117.09523864,906.290736254
2,22,4210.994456,3776.39951431
2,23,5712.30101885,4859.22671364
2,24,2595.81643896,1572.2419619
2,25,2370.13103942,1845.28956108
2,26,1559.48850398,1114.3150374
2,27,324.209727396,251.652659963
2,28,247.652157821,222.213620336
2,29,1075.82640072,888.973170639
2,30,860.549631859,724.811604201
2,31,1341.85118467,719.731187726
2,32,2916.57911783,1912.02008593
2,33,1891.49479513,1212.15217354
2,34,2350.37387145,1857.66940801
2,35,1117.87921298,893.935125723
2,36,1012.84799867,846.211317087
2,37,516.060836529,391.557709086
2,38,16155.2863557,14383.0497797
2,40,11698.172636,11083.3297985
2,41,1615.7025561,1084.92130441
2,42,1217.78448706,1020.63750964
2,44,1289.86324438,1081.43381089
2,45,18.3278552497,14.9727823751
2,46,7110.27399652,6831.41074277
2,47,161.014033493,64.2563005156
2,48,1467.17635499,1038.68275922
2,49,3706.50967609,3108.8234303
2,51,4.98846588856e-07,4.98846588818e-07
2,52,1035.90993291,790.533588702
2,54,84.5257259544,74.6963728057
2,55,2096.16987527,1733.19523573
2,56,2103.75645351,1356.18353934
2,58,9068.88365111,7846.03166947
2,59,10262.1269347,9762.12340011
2,60,166.933395407,140.181866027
2,67,3879.70628964,2315.4114409
2,71,1063.61996321,835.488165495
2,72,13439.1789194,10548.2589371
2,74,1750.57877167,1460.03373726
2,77,78.8563969114,78.8563969114
2,78,5.29184807207,2.21405333496
2,79,3473.36273949,2727.62801172
2,80,2275.08811731,1781.58103115
2,81,3586.2618036,3280.51525143
2,82,16800.0375929,16630.3087482
2,83,826.695879454,668.342083934
2,85,621.312099499,456.040766923
2,87,4986.06524153,4175.38674709
2,90,4104.83858065,3008.78827174
2,91,8253.45655727,7719.18171466
2,92,8894.76667539,6854.47204915
2,93,7994.53860655,6931.44308833
2,94,5182.70754995,3990.89036443
2,95,17381.0747811,16065.3632123
2,96,13268.6599235,12863.7615388
2,97,1997.62371556,1604.08209321
2,98,1374.83752654,1142.47233816
2,99,1871.63902265,1840.84215621
2,39,2.37420139534e-13,3.62095226641e-14
2,50,0,0
2,43,0,0
2,65,0,0
3,1,2517.72789235,1396.80441509
3,2,1365.4445468,1138.25616962
3,3,1907.16600624,1014.01192113
3,4,823.600306868,673.044107029
3,5,4648.70683804,4180.51032371
3,6,819.092970217,690.859106436
3,7,6614.72362818,5774.44271509
3,8,913.504075338,802.558269609
3,9,2480.77828426,2004.25950826
3,10,1679.94356362,1455.93257464
3,11,2762.45006186,1904.63352204
3,12,540.98531146,414.181551319
3,13,2767.73323606,2568.76558091
3,14,2161.7043272,2020.76855864
3,16,3122.26212408,2338.27104643
3,17,519.55449903,407.79691949
3,18,1219.38184702,884.413391057
3,19,925.894441699,660.675250385
3,20,558.718408716,444.324772432
3,21,346.09806281,268.18767358
3,22,1158.79638809,919.288054293
3,23,1628.96264541,1294.57553547
3,24,1437.9471617,1155.16641688
3,25,1112.58959036,925.667083531
3,26,926.665881652,702.759889486
3,27,241.247882529,215.313676462
3,28,67.4381059808,51.5278597163
3,29,511.324623511,438.135332867
3,30,340.793025457,261.839738609
3,31,423.525561215,357.403620623
3,32,1540.81891589,1050.18192626
3,33,893.315963034,688.983959084
3,34,1149.57890897,888.226054024
3,35,521.214819509,445.023083957
3,36,494.398370718,339.960942749
3,37,0,0
3,38,13487.1081392,10657.8238547
3,40,2312.72109396,2117.91571524
3,41,369.575099545,315.389190589
3,42,1603.52166947,1296.90431779
3,44,766.865212671,616.104749085
3,45,1.12213112354,1.08413428962
3,46,608.826466877,473.315876891
3,47,1.19272226891,1.19272226891
3,48,0,0
3,49,13.7749378268,9.67198129501
3,51,2.73438223806,1.35651585889
3,52,262.463840615,190.000414444
3,54,61.4661190071,51.601661489
3,55,1422.2150369,1155.54436262
3,56,615.100722728,446.589783961
3,58,0,0
3,59,494.791885253,487.723280209
3,60,55.3871990796,45.3106685253
3,67,727.22879488,477.105507066
3,71,666.059861842,520.965438612
3,72,4815.31133017,3859.22719091
3,74,1015.9556314,824.943843289
3,77,27.0124555124,26.9269145076
3,78,4.76851615393e-22,8.20922169269e-23
3,79,835.855233445,715.49035575
3,80,16.7677869413,15.8158406962
3,81,268.113990532,230.283698225
3,82,1341.25021623,1194.0752752
3,83,0,0
3,85,300.700699046,245.217135328
3,87,559.622746817,481.685519401
3,90,340.405243227,309.610809906
3,91,138.804865545,108.148096802
3,92,1097.98003899,955.768617129
3,93,0,0
3,94,965.617579582,310.196926558
3,95,3130.18576131,2546.34972411
3,96,2225.94772899,2031.55819526
3,97,156.993589788,120.866251947
3,98,33.4211064854,31.0069411
3,99,0,0
3,39,0,0
3,50,0,0
3,43,0,0
3,65,0,0
4,1,12773.4642782,6003.58113996
4,2,4185.40030404,3343.77581651
4,3,3880.87056567,2126.69526887
4,4,2852.38858392,2296.75687737
4,5,14248.6537232,12773.8248934
4,6,3398.96377172,2991.42089599
4,7,30036.8021607,29347.3682023
4,8,3044.16183944,2681.10946619
4,9,4313.59979122,3468.74321977
4,10,4708.07764245,3854.43241482
4,11,7215.86609168,5394.61891127
4,12,1212.51101195,953.455171688
4,13,4083.42218342,3414.91217839
4,14,9756.92793787,9537.69720781
4,16,5726.17479572,4063.13319904
4,17,2132.73199157,1700.78875153
4,18,7774.0289129,5656.89433811
4,19,691.857397163,515.263150653
4,20,1082.22818522,809.874930872
4,21,1317.40604785,1091.31777863
4,22,2723.40939154,2285.63802791
4,23,14649.2292889,13600.2208789
4,24,1847.7916108,1408.22681694
4,25,3155.59926251,2620.66491985
4,26,2687.24390821,1892.86618169
4,27,459.524323195,381.869292714
4,28,159.151632393,118.571131193
4,29,2616.47668215,2404.41064653
4,30,863.355509287,709.451721086
4,31,1278.49065108,968.96469496
4,32,3444.59603032,2791.57137712
4,33,2941.95228037,2628.28606375
4,34,3259.25122782,2647.13092969
4,35,972.254313719,748.125566691
4,36,1208.99344185,1002.88585169
4,37,1010.35100177,752.777562921
4,38,9677.82046518,7735.47068117
4,40,4609.65276403,3952.34431516
4,41,706.01381809,499.291204165
4,42,1556.13248008,1237.28819817
4,44,1651.96962211,1433.54743022
4,45,10.3029149329,8.81551006327
4,46,6624.51078848,6138.54072436
4,47,47.2601801961,20.8142105802
4,48,2080.23005398,1700.07258648
4,49,1638.00718458,1382.44546765
4,51,4.34463696199,1.61263498233
4,52,1647.72785638,1298.64129505
4,54,108.467192354,97.5285180215
4,55,2326.26418497,1888.13767942
4,56,3548.1928889,2566.38536862
4,58,3476.52878586,2893.30393642
4,59,11041.0726075,11039.2105002
4,60,100.90442199,76.2932959931
4,67,2689.28059757,1596.99967817
4,71,2003.00612668,1562.80984139
4,72,15479.9129287,11463.7906626
4,74,2047.88174245,1621.44407611
4,77,91.002080835,76.3158672755
4,78,0.894340589003,0.894340589003
4,79,5317.94777351,4453.62443746
4,80,3145.73015729,2664.43610644
4,81,1400.31211945,1113.9253778
4,82,16117.5074014,15920.5202118
4,83,2895.86795908,2628.88349486
4,85,1039.35449395,911.629062225
4,87,2104.33254431,1661.05988962
4,90,6399.8295171,5355.76889995
4,91,6348.96809808,5239.45283401
4,92,9836.79157702,8281.93125568
4,93,4274.13145634,3395.00746934
4,94,7073.82743457,5862.90364193
4,95,8658.97290721,6709.40649886
4,96,4340.87697953,2875.00819734
4,97,2960.81947553,2413.49246874
4,98,1294.91576463,1005.70464396
4,99,2552.80533859,2519.70627464
4,39,0.0,0.0
4,50,0,0
4,43,0,0
4,65,0,0
5,1,2524.42919494,1149.28823792
5,2,1246.29739539,1061.61057603
5,3,2075.10709585,910.495784998
5,4,536.549635096,396.916283867
5,5,2767.97450925,2450.81121679
5,6,415.46569584,354.455420984
5,7,1127.41451277,820.254225355
5,8,1080.19952185,945.552078322
5,9,1755.99627806,1363.90621542
5,10,1256.92588665,1085.10264619
5,11,1605.76200292,1314.06822636
5,12,390.67920441,307.528003803
5,13,756.890360258,648.318128898
5,14,989.610573325,847.54333088
5,16,2053.52827987,1426.51644634
5,17,420.146721637,308.061894612
5,18,1007.14391853,816.259382006
5,19,41.7593838704,30.9577990343
5,20,373.361875438,287.3531412
5,21,250.39997228,218.090501599
5,22,1103.72817465,983.605626498
5,23,1076.29605776,774.205752542
5,24,783.747481941,522.986907402
5,25,740.094542063,524.819545425
5,26,466.34015024,358.935748283
5,27,131.117801896,112.35502829
5,28,124.167449694,114.614031435
5,29,240.121776039,195.547193911
5,30,234.011117618,189.105391686
5,31,280.340758901,189.545140893
5,32,1023.92956507,835.491253512
5,33,511.488912412,379.864887077
5,34,700.738753911,580.17436075
5,35,476.536848382,377.751182399
5,36,363.873809592,239.750349619
5,37,0,0
5,38,10534.7931646,8410.1768552
5,40,1296.20520886,962.650605772
5,41,731.010155182,689.94160249
5,42,581.869668284,471.689041618
5,44,521.313033388,424.116600939
5,45,19.2330984347,15.9018907624
5,46,478.753388272,374.995422436
5,47,34.4140943681,15.9770823266
5,48,0,0
5,49,37.6012374289,27.7803189017
5,51,0.0215950476943,0.0215950476943
5,52,264.445734695,218.984568659
5,54,59.0248077267,41.7277685731
5,55,662.268132104,521.448071384
5,56,742.548414947,528.077719146
5,58,837.244922402,639.758695724
5,59,52.4055335191,49.3132401676
5,60,100.880262798,84.1150028231
5,67,1017.68115703,540.212947284
5,71,249.10010296,205.834345545
5,72,3649.35861155,2910.58926119
5,74,636.483728272,517.075671146
5,77,19.7135335347,19.7135335347
5,78,2.54239358988e-22,5.35751755287e-23
5,79,590.387338957,478.034408504
5,80,0.326997010006,0.315583579361
5,81,347.733354899,311.671678881
5,82,591.359236673,485.594472633
5,83,0,0
5,85,333.802816287,271.480388787
5,87,1462.85913429,1196.76971526
5,90,409.567989967,345.099058798
5,91,208.281824982,170.43394595
5,92,1416.04423492,1290.98215659
5,93,0,0
5,94,905.31707532,499.608918504
5,95,1318.15972247,1084.69351788
5,96,1298.2552263,1132.96852554
5,97,118.920223001,92.2998549855
5,98,74.9722935471,72.8629310499
5,99,0,0
5,39,0,0
5,50,0,0
5,43,0,0
5,65,0,0
6,1,9446.83008041,4498.20426149
6,2,4011.19077176,3451.6787779
6,3,5414.78727073,2441.33208122
6,4,1826.72377339,1370.19208937
6,5,5533.49337499,4274.16490794
6,6,3740.06737472,3406.09081716
6,7,4757.98019545,3860.78232878
6,8,2113.14610799,1758.18373121
6,9,4695.75162112,3441.70994008
6,10,4336.84306906,3271.4640529
6,11,3330.25846819,2620.49599776
6,12,1085.41477815,923.291496867
6,13,4686.42694415,4220.20425376
6,14,3898.35326931,3375.60873018
6,16,4156.25546184,3279.39538997
6,17,2571.37078762,2171.54159288
6,18,4323.73789658,2691.70980303
6,19,808.118130629,655.706604733
6,20,1124.86803761,956.331088081
6,21,1833.49371554,1594.08659045
6,22,3427.27059329,2801.00996148
6,23,4789.38517611,3863.37384943
6,24,2151.28342862,1442.64253488
6,25,1781.86403541,1292.84220766
6,26,1716.48875445,1208.8304739
6,27,344.644623614,291.118550791
6,28,93.2152647026,75.4958829646
6,29,921.070193793,799.261517149
6,30,730.35400128,565.115237356
6,31,875.051211214,678.546976724
6,32,2313.07512523,1800.81660162
6,33,1828.61034943,1395.55253771
6,34,5230.79945161,4672.36806515
6,35,677.712220715,575.263731744
6,36,1161.00610835,908.947943687
6,37,443.771233325,363.46092761
6,38,10109.6488123,7841.28629111
6,40,3201.32039426,2612.84130393
6,41,1776.55513996,1585.64530532
6,42,1005.94218385,761.615177889
6,44,1021.88678808,756.567006617
6,45,23.7102440741,16.1302747901
6,46,6909.9153674,6717.83277405
6,47,85.4921680559,31.326602567
6,48,1202.56844814,981.341167444
6,49,2679.18938154,2197.50439847
6,51,6.69920004294e-13,1.0380538164e-13
6,52,1369.22322879,1100.67920904
6,54,147.169290304,109.481825645
6,55,2186.28330637,1805.67116282
6,56,2230.68537589,1456.79822844
6,58,1916.27491295,1536.65296049
6,59,1751.98817107,1724.34629689
6,60,294.312871442,263.937180001
6,67,2637.22193223,1422.15018685
6,71,1028.73364713,843.864512323
6,72,14730.7483374,13502.69591
6,74,2508.79843904,2015.45443978
6,77,27.4275581619,27.233133975
6,78,1.75650268637,0.956003222976
6,79,1958.53708265,1564.1026037
6,80,995.403278731,818.338584075
6,81,1126.07408185,913.732662805
6,82,10157.5086392,10012.1598537
6,83,553.849503256,461.445530547
6,85,460.273869526,362.086225658
6,87,4187.43712231,3484.93970554
6,90,6313.72427521,5537.57112524
6,91,5345.79642956,4995.85204669
6,92,6407.64941323,5285.15698422
6,93,5429.7298316,4608.51677388
6,94,5732.50721393,4748.13711768
6,95,4916.65978932,3688.60669444
6,96,2452.79632769,1935.25620613
6,97,1449.5583944,1213.34749518
6,98,1496.22298902,1230.18616312
6,99,1506.03238715,1481.04540761
6,39,0,0
6,50,0,0
6,43,0,0
6,65,0,0
7,1,5977.69377967,5582.6212355
7,2,4015.91274395,3778.16915714
7,3,1260.31107026,961.963588534
7,4,898.154669906,761.812744951
7,5,1916.88794228,1541.61983083
7,6,2590.42677422,2258.41413826
7,7,2465.49804784,1878.91747284
7,8,817.566328685,671.268762058
7,9,5621.93964523,4430.61145905
7,10,3580.49673079,2739.11343348
7,11,4806.99373881,3870.74748264
7,12,1901.8034848,1448.8046738
7,13,791.813350283,664.452122953
7,14,1364.82580892,1058.71899166
7,16,5157.92677949,3481.66615562
7,17,1137.47973251,795.243549195
7,18,680.31658696,553.645366968
7,19,52.852697336,48.6708657311
7,20,717.81423167,570.909699578
7,21,403.01136753,317.090229493
7,22,1093.65631644,864.753460735
7,23,2017.03674441,1563.0615882
7,24,1410.05440312,1265.69311417
7,25,1338.31220048,1101.21705501
7,26,450.255535859,335.028742108
7,27,155.745636241,129.436949458
7,28,202.247545738,182.607386711
7,29,546.283195177,463.556759476
7,30,305.53597304,235.670611311
7,31,1631.87438867,1558.81017259
7,32,761.194377465,618.51443403
7,33,604.865645602,430.784159471
7,34,1128.0250039,826.954488777
7,35,246.762721506,177.265664277
7,36,1143.67923411,1009.60916505
7,37,0,0
7,38,5259.87200389,4108.21601484
7,40,3109.25008139,2725.67771778
7,41,1802.29756982,1688.62638316
7,42,1291.65028077,1061.39615388
7,44,1458.8679975,1377.84756701
7,45,27.1833723646,18.6441792094
7,46,1614.9990246,1296.84678626
7,47,63.6655281474,15.9364062965
7,48,1238.13788777,895.345900065
7,49,60.5039659327,49.3103019171
7,51,34.8941667678,7.96697674419
7,52,384.62358135,315.173959679
7,54,41.1933796648,32.8635397273
7,55,1202.2748744,847.465455215
7,56,3525.8182373,1800.64204149
7,58,1593.33519491,1169.4025184
7,59,114.113186647,106.900445634
7,60,50.1671286591,40.9088119535
7,67,843.290916934,562.901660251
7,71,636.717335442,513.041825762
7,72,8443.11380505,6359.25385285
7,74,1712.80118934,1453.39094982
7,77,69.0218898703,68.3378402214
7,78,0.249964512511,0.249964512511
7,79,745.149762727,634.678730826
7,80,336.456660883,281.853919199
7,81,1060.13026156,961.559767027
7,82,2448.9645333,2192.53309322
7,83,342.132023711,307.592716998
7,85,983.596610956,889.929667739
7,87,1742.2579584,1372.2650263
7,90,4693.97773819,4558.12606767
7,91,821.486556896,666.651577943
7,92,3308.1059816,2953.67460987
7,93,778.820907951,688.565048534
7,94,1129.07272447,962.400779843
7,95,4686.33686608,4141.7017709
7,96,1011.35916319,971.229460353
7,97,1964.42006412,1756.76983968
7,98,201.828810766,148.319624905
7,99,0,0
7,39,0,0
7,50,0,0
7,43,0,0
7,65,0,0
8,1,6009.79085752,2671.27116358
8,2,2322.36607864,1974.01626297
8,3,4826.10466125,1908.7691106
8,4,1421.15237609,1152.68890236
8,5,10006.4268985,9357.56090728
8,6,1183.63121183,992.447380826
8,7,4074.11318825,3049.00599933
8,8,2885.94572799,2537.10859941
8,9,1976.61894245,1541.437562
8,10,2861.43498475,2252.78221425
8,11,4560.29382915,3078.68683061
8,12,1089.43274725,909.729545148
8,13,2098.94542378,1799.83643569
8,14,1251.20876222,984.904777079
8,16,5167.34164604,3652.67499325
8,17,855.518758897,659.187912909
8,18,1981.95275344,1111.23168061
8,19,1281.92111007,841.962775457
8,20,742.768988894,613.002772039
8,21,559.847346267,477.529894663
8,22,2773.91637927,2567.82180188
8,23,2359.27839902,1712.05674131
8,24,1638.75227289,1082.98897052
8,25,1328.94462846,1026.87565363
8,26,1113.37142409,828.001662835
8,27,416.659357818,369.914872324
8,28,216.249147117,204.620538531
8,29,1675.02025578,1562.75726885
8,30,461.66333549,402.713273401
8,31,679.270183539,520.895218081
8,32,1747.01201919,1065.07010288
8,33,1637.83799112,1194.4596184
8,34,3191.34989328,2931.34165479
8,35,468.622906974,391.732712671
8,36,751.282785184,562.490935565
8,37,475.331988635,391.487877497
8,38,7325.50289448,5765.01944334
8,40,5053.05528021,4463.59124481
8,41,1061.39525587,996.20288642
8,42,685.276833224,557.639362588
8,44,1007.94646678,877.731682713
8,45,3.59302231105,1.36227599824
8,46,1691.35789708,1415.43141009
8,47,31.9317867547,13.2106431205
8,48,0,0
8,49,1057.12788478,901.112264833
8,51,2.1015726391,2.09189461368
8,52,738.468271766,567.683129268
8,54,71.4875833622,44.1871590278
8,55,932.973193231,727.30653076
8,56,2422.11068567,1502.8450271
8,58,1469.52555652,1215.27407739
8,59,1608.48408947,1601.55534538
8,60,85.0034947285,68.7508457971
8,67,1704.82019533,812.72233867
8,71,859.465536487,720.658712397
8,72,6315.64190535,4618.07065425
8,74,1478.66873313,1241.14211169
8,77,6.99958028409e-13,6.96213142324e-13
8,78,4.48871159926,2.29102554901
8,79,2426.95024491,1864.11639352
8,80,677.306321944,560.53407203
8,81,676.65305487,525.147079045
8,82,2132.43423779,1689.47204285
8,83,521.548990004,403.92257062
8,85,605.17997851,486.032429379
8,87,3528.60335848,2965.16946238
8,90,4764.6457073,4240.20824121
8,91,1773.31982017,1450.81992809
8,92,3712.62619436,2941.46013294
8,93,2408.2108471,1747.03810574
8,94,2740.32874746,1910.22224293
8,95,2373.65337122,1924.26045599
8,96,0,0
8,97,931.983172829,789.231732338
8,98,964.085699272,819.517790588
8,99,817.760261116,803.234616715
8,39,0,0
8,50,0,0
8,43,0,0
8,65,0,0
9,1,4639.2974137,3110.19235088
9,2,1482.74275739,1084.41523704
9,3,3856.04288804,1759.8314815
9,4,1071.27653589,897.010187139
9,5,5416.95657084,4615.86560468
9,6,803.782002496,679.792871297
9,7,5542.92547441,5134.85077341
9,8,2762.58091121,2429.07504254
9,9,1912.38155074,1551.54455921
9,10,1924.46155332,1519.0843388
9,11,3593.90295115,2915.9052467
9,12,1044.43705128,820.851885724
9,13,2110.49393304,1718.65860392
9,14,2090.81642449,1871.39743224
9,16,3596.2502296,2160.27369024
9,17,1477.70827027,1346.99708968
9,18,2378.82123874,1230.32028153
9,19,683.840833573,512.769939497
9,20,581.127970227,445.41242798
9,21,693.202215524,519.010976289
9,22,1319.46503243,1110.8294625
9,23,1648.76855165,1191.14129695
9,24,1347.38412433,1115.1397637
9,25,1329.4742646,904.382139767
9,26,1050.21331753,794.784085608
9,27,173.596605086,141.553353956
9,28,117.010353896,90.4472735332
9,29,512.333092008,391.48012689
9,30,429.871680406,343.416489334
9,31,632.940432597,417.503094338
9,32,1287.34774336,860.399999414
9,33,859.591238146,648.912562164
9,34,1309.3721122,1105.09439896
9,35,418.543474836,302.146122436
9,36,455.978948594,338.704988124
9,37,0,0
9,38,13539.7479697,11124.8129199
9,40,2010.89606988,1687.51378721
9,41,650.121481662,580.325719729
9,42,1003.75099176,756.730158055
9,44,1669.72397785,1578.8327207
9,45,5.06907485658,2.38539519608
9,46,2935.9665511,2846.29469812
9,47,52.0281882728,33.3252553704
9,48,950.757230341,826.762811057
9,49,49.5277427018,40.5300799253
9,51,0.0204509672482,0.0204509672482
9,52,567.906787596,454.754175772
9,54,77.24920164,68.2706185876
9,55,1184.09604219,905.907449787
9,56,1626.56270333,936.053743964
9,58,0,0
9,59,695.165198147,691.890930821
9,60,63.290506749,51.9099142089
9,67,1494.59841565,1285.21435451
9,71,660.13495041,530.067691543
9,72,8536.12258989,6657.73902568
9,74,1361.0580845,871.436490464
9,77,49.8174905273,49.8174905273
9,78,0,0
9,79,1080.50872682,874.636296538
9,80,30.68082001,6.52158912952
9,81,202.490082592,164.160269079
9,82,1617.97727372,1219.09117884
9,83,0,0
9,85,440.375529842,373.438584892
9,87,2842.81930341,2284.22349015
9,90,752.208306491,657.931515711
9,91,244.720511714,193.944151442
9,92,1682.31595966,1428.2631094
9,93,0.322100870616,0.322100870616
9,94,1182.34471572,507.333109413
9,95,3119.84861353,2440.1714254
9,96,720.827536551,554.018524249
9,97,1.5127858175,0.230697675558
9,98,10.6570290509,10.5625361314
9,99,0,0
9,39,0,0
9,50,0,0
9,43,0,0
9,65,0,0
10,1,22203.2534786,10661.1328034
10,2,8477.55745559,7534.19926889
10,3,10481.4516297,6842.06370127
10,4,1962.65147466,1557.46143193
10,5,26546.4202979,24767.7377557
10,6,4276.80131205,3933.35543048
10,7,7921.6402305,5941.65651852
10,8,3172.31541006,2570.99615606
10,9,7144.53960069,5597.01076447
10,10,3825.98485813,2995.28010404
10,11,3863.65471756,2785.42527103
10,12,1224.52780873,1009.1976629
10,13,2808.70356737,2313.18207946
10,14,10103.5940567,9589.94494715
10,16,5304.31929407,4503.40876731
10,17,4668.30467266,4211.33603925
10,18,10764.3733559,8898.40253608
10,19,648.530884408,467.357740768
10,20,1669.00698001,1332.56993498
10,21,1552.28942452,1380.20920001
10,22,2812.75446304,2317.55632127
10,23,12164.1115031,10760.7963625
10,24,4338.65396571,3024.12044029
10,25,3429.72416837,3023.49364825
10,26,2454.36557875,1908.06267462
10,27,609.66402086,471.954102967
10,28,232.717528377,190.030814022
10,29,1663.82136279,1141.77315672
10,30,1654.90018162,1294.72026495
10,31,1678.85042685,1262.36290969
10,32,5056.10798405,4421.36890438
10,33,4885.05204237,3900.9668045
10,34,5276.93655703,3985.13866214
10,35,1903.23993387,1496.1984086
10,36,1424.77585489,1023.21985475
10,37,460.668589206,363.791378636
10,38,13903.3188731,11576.4656578
10,40,3813.93173805,3228.47389866
10,41,7572.58161154,7235.52825493
10,42,970.574757829,799.216666375
10,44,1000.65020064,821.264484091
10,45,19.2789544885,14.1475730729
10,46,14159.1118445,13888.368943
10,47,245.701431582,131.311137845
10,48,1322.83358078,1093.49021
10,49,3031.35790971,2595.06425711
10,51,0.00209958978732,0.00209958978732
10,52,1399.00499856,1216.71271298
10,54,126.61956248,87.954031195
10,55,3357.5308528,2680.28955635
10,56,765.628226676,494.322962419
10,58,2437.98853612,1909.54922189
10,59,18884.3798628,18857.3479044
10,60,464.182525286,427.049841253
10,67,3675.22437116,2747.8067734
10,71,2433.3648919,1925.36932296
10,72,23237.0521305,19320.220081
10,74,3135.12042107,2475.02531856
10,77,33.3743025459,33.3743025459
10,78,0.0405468346484,0.0405468346484
10,79,6316.53764342,4723.27152646
10,80,792.916542952,701.375787584
10,81,623.636374224,477.377917829
10,82,4684.05289677,4240.79182271
10,83,94.8031918436,78.4497852265
10,85,1408.49780589,1351.29736155
10,87,2777.67747474,2311.85768847
10,90,1011.37939694,747.388474851
10,91,947.927397834,749.069775693
10,92,2717.37407585,2368.28034474
10,93,626.422513341,562.977636522
10,94,825.686907294,331.199502062
10,95,4079.63916067,3309.68605813
10,96,1262.80949078,992.240587678
10,97,265.50496874,213.197910746
10,98,317.1368199,201.103304969
10,99,0,0
10,39,0,0
10,50,541.279349207,446.31188247
10,43,0,0
10,65,0,0
11,1,9397.70645997,4373.45066473
11,2,10439.9244076,9559.17479575
11,3,5635.38740516,2854.47521405
11,4,2303.389049,2019.35157647
11,5,7700.75664198,5987.41907167
11,6,3842.12028727,3596.33853681
11,7,6628.13345383,5166.87585669
11,8,2355.85422295,1882.90342474
11,9,3193.79236934,2700.64244217
11,10,3400.0382521,2767.22351081
11,11,3266.77872276,2608.52380134
11,12,725.812099008,528.017091033
11,13,2623.04855871,2210.96829272
11,14,2817.07389182,2466.48745695
11,16,2620.52338745,2079.78604723
11,17,1637.3313137,1348.04582533
11,18,5601.62010908,3375.51608099
11,19,981.790011484,870.759882515
11,20,1441.56418661,1198.60540666
11,21,912.027261788,667.532892525
11,22,1941.7566922,1597.37655565
11,23,7889.64395942,7122.19782299
11,24,2365.33879646,1605.53821423
11,25,2634.62586068,2255.33353298
11,26,1789.59293111,1353.56951296
11,27,692.575344953,633.051798964
11,28,133.954486992,102.837022815
11,29,1349.08626671,1018.54674547
11,30,1155.83746741,875.755501705
11,31,939.441340938,653.483502757
11,32,2170.76852829,1613.27882036
11,33,2469.4663022,2119.21102734
11,34,3372.78435157,2529.5848211
11,35,1386.80453821,1167.33034852
11,36,1563.03881352,1403.96389356
11,37,530.946805755,437.523308979
11,38,9705.60744789,7668.38196737
11,40,3343.07218969,2940.50088775
11,41,548.637793558,475.769190467
11,42,945.323193384,736.696163019
11,44,1423.05283524,1158.50936274
11,45,44.8741769013,21.8605624729
11,46,8265.42257768,7941.43408855
11,47,129.447459231,57.7258231388
11,48,12.4554276751,5.70148256813
11,49,1873.05054472,1537.34811511
11,51,1.14438545488,0.461632033201
11,52,1052.58621601,820.36498959
11,54,147.402111064,133.664883296
11,55,1765.60816001,1499.1934298
11,56,1512.29150282,945.421697424
11,58,1562.57210913,1143.62753634
11,59,5665.46294382,5663.66570253
11,60,171.135801797,140.631267342
11,67,2939.5810447,1407.10253194
11,71,1460.6665336,1163.22425987
11,72,12920.6815539,10096.819753
11,74,2032.85513481,1674.28538638
11,77,36.6449959229,8.03530187826
11,78,0.991926741704,0.833734910854
11,79,3078.49662872,2246.99846172
11,80,1378.46930832,1118.48728405
11,81,804.225553854,597.264838961
11,82,11071.3989153,10698.7225227
11,83,443.108098287,367.442477502
11,85,444.644736733,354.639185191
11,87,1783.77231582,1350.54643362
11,90,6438.4059691,5903.30062421
11,91,2582.82470337,1941.72899915
11,92,5900.73593183,4787.7650044
11,93,5200.490446,4588.74025045
11,94,4131.55692735,3168.55971585
11,95,5087.7750066,4007.81888834
11,96,3888.06277761,3297.95485833
11,97,1400.56972207,1092.20644592
11,98,2064.29953368,1734.46836451
11,99,3080.26883126,3050.4980112
11,39,0,0
11,50,3.05066560665,0.479298265439
11,43,0,0
11,65,0,0
12,1,8390.48982743,3774.95443792
12,2,10747.4140049,10181.3480543
12,3,2109.71536773,1626.28133343
12,4,1406.66885638,1043.66712144
12,5,4612.40015806,3603.99384139
12,6,2292.97215914,1933.59372791
12,7,16975.8879401,16017.3928867
12,8,1978.45551027,1504.10364869
12,9,3609.19601751,2961.05491563
12,10,1857.31372632,1482.04401996
12,11,3693.1346199,3136.8174605
12,12,652.335018093,555.885187036
12,13,3383.68983359,2972.50673762
12,14,2100.68092698,1788.62521032
12,16,1221.80461078,953.438476757
12,17,1186.78743071,942.413718283
12,18,5784.7620328,5306.31848961
12,19,806.121977702,642.001078725
12,20,1246.30586616,1050.26925641
12,21,519.831538925,422.416052645
12,22,1544.61444299,1243.64458675
12,23,4336.27778804,3485.87981126
12,24,1631.62007343,1340.64871781
12,25,2551.65985316,2194.0623266
12,26,1930.14347308,1441.38632932
12,27,376.689844487,300.148820558
12,28,155.964043574,122.696501688
12,29,1155.07277331,901.775622485
12,30,1043.65441013,840.774625979
12,31,802.323896552,665.617103331
12,32,2457.9295461,2150.61930131
12,33,1660.59444023,1319.70015445
12,34,3440.7988399,2807.39446219
12,35,602.61269341,465.737198612
12,36,1663.5427494,1336.4741012
12,37,0,0
12,38,10588.9662846,8116.92144352
12,40,2188.39753238,1772.34753833
12,41,1196.47769582,1171.54056138
12,42,990.661176588,783.363866805
12,44,927.047146153,747.503656267
12,45,48.3218613496,28.4737748868
12,46,11742.2456082,11588.0533966
12,47,180.464855878,100.243934353
12,48,0,0
12,49,45.1036196261,30.7945645383
12,51,1.13008856531,0.405323698286
12,52,894.271597906,711.91738338
12,54,77.3815741734,68.0163534249
12,55,1853.15795755,1425.72533837
12,56,506.090207876,288.63241061
12,58,2841.41380997,2115.53340851
12,59,10477.0740848,10471.9663263
12,60,150.673841243,125.712600634
12,67,1353.1278766,747.081656505
12,71,1975.67125896,1536.75733477
12,72,6806.26637164,5419.93142034
12,74,2032.14665151,1427.02147451
12,77,64.8363280529,50.3998292375
12,78,3.5535909274,0.955559954368
12,79,2472.06791394,1916.95914068
12,80,101.990471609,69.9298444753
12,81,455.22035285,343.652368434
12,82,4840.84686947,4675.50571926
12,83,159.622357728,134.644800317
12,85,573.705384189,444.44630353
12,87,2071.00737739,1669.74565101
12,90,2205.69729898,1827.82950492
12,91,1023.51125299,841.649203719
12,92,2984.71794546,2618.58751223
12,93,196.221800983,167.917341268
12,94,648.659567209,406.09670021
12,95,5811.15582974,4857.90028681
12,96,16.6675318796,4.80040975325
12,97,267.323381359,216.472865029
12,98,492.550816484,424.601733833
12,99,0,0
12,39,0,0
12,50,0,0
12,43,0,0
12,65,0,0
13,1,35470.0429219,26347.8497172
13,2,11646.665374,11222.952518
13,3,18671.9858969,8338.83991718
13,4,2007.69424149,1662.23958117
13,5,24865.6023523,21766.6373701
13,6,3005.08321749,2341.65388911
13,7,10689.8329561,8059.95002429
13,8,1786.07932385,1502.47390592
13,9,8798.61104212,6799.03331475
13,10,3365.52391649,2776.63881329
13,11,2603.24044804,2052.24659752
13,12,1002.62880226,745.927429467
13,13,2087.99072164,1575.40915095
13,14,4144.77304078,3456.01438881
13,16,8463.71606191,4891.86329216
13,17,2121.35447708,1726.7716119
13,18,11544.628817,8800.61651672
13,19,841.805500548,639.159678979
13,20,1243.88577518,992.059826051
13,21,3516.50691002,3317.93651671
13,22,2624.7512351,2096.00859646
13,23,8097.74701511,7637.14167648
13,24,3658.09042475,2890.47795069
13,25,3084.50959281,2068.0182309
13,26,2424.87444732,2146.32510745
13,27,527.276350036,430.372675909
13,28,246.289327842,165.693442492
13,29,1448.29291949,1265.18683963
13,30,733.616282366,607.080440393
13,31,1661.61376363,1018.97873419
13,32,4105.77703011,3805.00105941
13,33,3134.89276693,2541.27947338
13,34,3388.81844724,2835.37652243
13,35,667.521892424,540.058531067
13,36,2987.43601479,1851.93186038
13,37,620.944905948,526.071819682
13,38,9571.99943521,7792.77845515
13,40,14651.1713245,14448.8655713
13,41,1865.80912084,1776.45300644
13,42,845.063193012,678.999831062
13,44,1150.11687038,963.526855953
13,45,25.8599028774,17.4456562309
13,46,11232.7383347,11107.1598507
13,47,127.867684639,71.7695657696
13,48,948.874031199,707.518461644
13,49,2151.67786435,1671.20400603
13,51,38.897414802,37.1406232467
13,52,1028.94809835,854.382706862
13,54,90.463531514,74.8583183973
13,55,2147.1979912,1458.42298161
13,56,3683.00754241,2148.58687745
13,58,3056.84787579,2502.85066944
13,59,9250.79668199,9243.92799262
13,60,195.733617737,153.852852471
13,67,4777.34898491,3124.0403394
13,71,1496.65898754,1254.12089837
13,72,8000.42395645,6766.50474021
13,74,3145.93110524,2514.16960775
13,77,26.7301107191,26.7301107191
13,78,2.15665546407,0.46511627907
13,79,4399.16856724,3548.60726902
13,80,1801.06623001,1568.92842194
13,81,2455.38327019,1899.07388763
13,82,19323.6936179,19178.5122411
13,83,703.564361974,514.293329355
13,85,2071.89229713,1941.76618469
13,87,3442.28126845,2993.60431487
13,90,8652.69988088,6917.88426627
13,91,6175.6966924,5334.78890883
13,92,9722.7110712,7668.72844103
13,93,3305.09115445,2630.16462088
13,94,5898.82087169,4139.88070008
13,95,8785.01002722,6934.18690719
13,96,1961.42233327,1715.83067077
13,97,2281.88156577,1946.09748779
13,98,1196.50129692,918.538782551
13,99,1691.60838572,1664.09667178
13,39,0,0
13,50,794.579897241,656.588069182
13,43,3.15452194241e-16,1.35553202589e-16
13,65,0,0
14,1,33583.1343433,25151.430287
14,2,13757.7920299,10806.2978915
14,3,6264.94250791,4176.79360689
14,4,6787.09585425,5379.25350455
14,5,13293.8186434,12345.6137329
14,6,6602.64949694,6014.22118678
14,7,22211.36666,17123.9452379
14,8,9846.24713328,7430.8292324
14,9,4828.07513314,4024.90107043
14,10,4524.67214401,3616.20790801
14,11,5476.12764617,4029.29683263
14,12,1168.43372312,926.033196218
14,13,8527.64537036,6901.84089727
14,14,7171.28816268,6486.99632347
14,16,11317.9519186,7841.30711381
14,17,3032.45875924,2148.83020218
14,18,12419.3673032,10316.7397552
14,19,1119.37672761,901.777292735
14,20,1691.67356383,1335.31101039
14,21,2836.57998669,2519.02999781
14,22,2727.34653001,2209.74299944
14,23,8797.13057273,7752.50938225
14,24,1813.6678512,1365.5494919
14,25,9472.11829009,9007.32324432
14,26,2027.20201859,1417.52441718
14,27,383.050243416,297.950620503
14,28,221.245821988,188.144210331
14,29,1451.77596135,1148.95919333
14,30,836.705181599,698.750234608
14,31,1394.6311931,1246.18264217
14,32,3253.88773805,2549.88232439
14,33,1987.01762367,1581.0434511
14,34,3842.99141878,2879.76819549
14,35,841.823940273,672.009506837
14,36,977.347249304,757.657360438
14,37,0,0
14,38,14449.6514198,11685.5964757
14,40,9530.70058686,7436.22940379
14,41,2006.47987529,1746.686282
14,42,2307.64549926,1927.93699999
14,44,755.896950569,601.99165219
14,45,0.68717384025,0.110624891673
14,46,9874.45880413,9427.10158442
14,47,43.986666812,18.9690190958
14,48,0,0
14,49,2312.91894903,1848.53427603
14,51,18.7935648121,10.9821785378
14,52,1298.19062568,1039.33971672
14,54,138.424650084,94.7829968768
14,55,11164.7968068,10667.9566036
14,56,3621.70125782,2048.99675073
14,58,5016.24809108,3554.37330265
14,59,11185.2052169,11167.1337629
14,60,153.328015661,119.272017926
14,67,4822.19618564,3792.81988446
14,71,2923.35178998,2454.56555575
14,72,21188.6040918,16021.1593713
14,74,6499.78235085,5406.24585749
14,77,30.2239016333,4.87952865638
14,78,1.09640946646,1.0857562042
14,79,4654.82528409,3828.71965565
14,80,3571.95543681,3048.64766497
14,81,5936.78773982,4111.54198659
14,82,13892.9794679,12598.4183721
14,83,1601.6690108,1288.99585639
14,85,694.956473664,580.320696166
14,87,5122.76112472,4535.50001686
14,90,17132.9127264,13245.2642014
14,91,8131.84750303,6282.90948196
14,92,26361.7457845,20429.3819798
14,93,6854.572286,5314.15911967
14,94,11258.7796822,9937.92287908
14,95,18464.6643701,13298.2932049
14,96,5.42478978266,2.29534883721
14,97,4076.84665641,3066.78593711
14,98,3284.04911583,2581.16007546
14,99,2543.63019815,2500.55215474
14,39,0,0
14,50,648.23873676,552.885740598
14,43,0.0,0.0
14,65,0,0
15,1,8892.84124174,5000.19607811
15,2,3663.84784959,3256.14146617
15,3,1366.71842055,935.853314736
15,4,902.336723712,734.446114788
15,5,6882.94842679,6589.93475694
15,6,3562.46974643,3445.94282967
15,7,4016.6273866,2787.42199515
15,8,1194.31617911,983.254964871
15,9,2845.72041522,2284.06574783
15,10,6678.01023798,6556.99380487
15,11,7384.23173005,4103.17259931
15,12,548.646162174,428.22041564
15,13,1400.6670095,1226.30148831
15,14,2752.87982542,2221.5211245
15,16,6167.40213073,4026.2557881
15,17,1432.82325195,1191.40182366
15,18,2511.08931788,2282.42801807
15,19,332.081762013,272.428878723
15,20,629.970388407,493.227932256
15,21,625.71368339,484.8318936
15,22,2091.957476,1824.95769609
15,23,3013.96568583,2302.32391481
15,24,1122.51786208,865.710597217
15,25,2822.95772974,2572.25195016
15,26,1060.22510296,793.744684127
15,27,268.217321643,224.323149917
15,28,144.807744278,113.17210342
15,29,703.291781297,543.81286246
15,30,701.090964102,550.379083885
15,31,566.950152156,373.302197756
15,32,874.494609512,679.088026156
15,33,1334.39581057,1062.40741365
15,34,3099.05935496,2249.49071726
15,35,860.213334504,695.550335568
15,36,795.008576555,603.35558485
15,37,1.1765570009e-52,1.79423260553e-53
15,38,6952.18648382,5712.57781763
15,40,7959.8102213,7775.54145354
15,41,692.494955401,562.88018224
15,42,561.579294464,459.682765657
15,44,1313.6521491,1240.46682826
15,45,7.75232185723,4.06282109429
15,46,1283.35440506,1035.46846777
15,47,49.0209793903,19.3425514179
15,48,5.32606249567,5.32606249567
15,49,2347.06097338,1859.04743138
15,51,3.36770850478,2.62153264777
15,52,534.59939098,445.172919023
15,54,41.2720440523,27.4031583058
15,55,1693.74476071,1390.51876445
15,56,2340.70452594,1496.10398217
15,58,768.839511291,579.334172785
15,59,541.997060408,538.693871615
15,60,81.6448127433,72.1215337225
15,67,1419.64248524,784.760963297
15,71,1052.73408588,796.034234074
15,72,13339.9619732,10980.3890368
15,74,1365.43284409,1072.84032397
15,77,78.472928046,77.631094427
15,78,3.26062011257,1.71743819178
15,79,941.265166577,736.537985813
15,80,74.5389860411,54.9849511593
15,81,891.902437535,760.415324359
15,82,3808.34170234,3609.16764321
15,83,219.698971859,195.361135286
15,85,511.412061734,426.270887219
15,87,1499.44864245,1289.28324356
15,90,448.697843137,361.025926543
15,91,356.537090106,292.003892105
15,92,2785.7435248,2474.90077569
15,93,141.138797425,112.159485614
15,94,565.195988966,171.299584601
15,95,2318.57938437,1858.42824404
15,96,1441.34064592,1157.95491913
15,97,425.238970661,266.609306454
15,98,218.908584427,158.073906505
15,99,0,0
15,39,0,0
15,50,919.787287725,751.92236992
15,43,0.646996639221,0.139534883721
15,65,0,0
16,1,3914.69798039,3520.97850912
16,2,5388.92503375,5113.45180296
16,3,1709.89998769,1015.49200368
16,4,1140.23895214,910.34524623
16,5,9067.20081062,8808.17319695
16,6,3610.41303111,3125.90964969
16,7,7200.10749056,6945.10145863
16,8,1346.57768566,1088.2099534
16,9,7489.57500126,5207.50553474
16,10,5237.71784842,4967.98690229
16,11,2508.79568425,1543.83264083
16,12,682.987888698,527.596689328
16,13,1515.16434289,1274.49001774
16,14,1439.94461455,1190.41416471
16,16,5423.09577775,3756.88810121
16,17,2028.32451639,1867.93516827
16,18,537.195559103,430.797542337
16,19,388.481613337,313.53152912
16,20,776.078690683,647.568949737
16,21,578.960056338,474.24315131
16,22,986.762477624,788.978009836
16,23,1865.11973289,1553.08086159
16,24,699.583221906,555.44980446
16,25,808.241911366,670.933565845
16,26,576.222918539,474.346869065
16,27,139.193245376,107.233666686
16,28,90.9154932143,68.9132968192
16,29,555.576323865,485.700605843
16,30,361.041084147,291.274623131
16,31,394.062085122,324.619801314
16,32,998.92573895,747.018821177
16,33,512.404177072,408.13625246
16,34,1236.52301,1039.32579404
16,35,445.472400124,366.990107361
16,36,1274.93392665,1069.8291481
16,37,0,0
16,38,11159.0607611,9127.91689122
16,40,3105.55209773,2640.23035167
16,41,640.858799181,546.210149736
16,42,622.991042959,485.653016292
16,44,1386.59265545,1232.65776887
16,45,17.8070415744,12.1523855897
16,46,3327.71350234,2957.44324922
16,47,300.671344252,127.135095968
16,48,647.83274162,464.160944039
16,49,69.0971829783,52.7335008864
16,51,77.4881242256,73.1076193113
16,52,674.164880285,561.282018464
16,54,63.0281356331,54.2659092402
16,55,1162.42205362,923.202500222
16,56,7042.6839727,3307.7884222
16,58,563.581100077,264.138201776
16,59,160.253688387,154.624924366
16,60,65.6517250282,54.8673510785
16,67,972.685498127,539.5377157
16,71,704.707849674,543.925306699
16,72,10135.5937335,9277.3853586
16,74,2022.13410825,1720.31626818
16,77,9.74589253062,9.7253235295
16,78,2.77777223772,0.599069767442
16,79,833.082181258,682.09806819
16,80,296.237514542,226.124467929
16,81,352.215174993,296.19159182
16,82,1121.45168359,874.426722144
16,83,210.316009863,177.467302075
16,85,1858.08008574,1783.55967679
16,87,3622.60824135,3353.87421026
16,90,1964.16394464,1716.65635066
16,91,1807.47779511,1019.09658339
16,92,2589.17464862,2126.7746004
16,93,386.155053559,277.513182366
16,94,1192.25174257,950.986971366
16,95,1802.73195415,1430.92264085
16,96,196.430327039,127.31254258
16,97,320.759821225,232.859758414
16,98,36.5385489959,32.0370646745
16,99,0,0
16,39,0,0
16,50,0,0
16,43,0,0
16,65,0,0
17,1,11723.7338671,7222.53054511
17,2,7466.66035164,7218.27282897
17,3,2710.31311758,1684.02607323
17,4,1741.58627084,1222.42361847
17,5,6859.70945452,5399.04088651
17,6,3736.57334701,3345.52440442
17,7,3042.1007504,2149.35225788
17,8,1467.73532871,1167.70890365
17,9,3641.56906124,3031.0057262
17,10,1643.64158873,1330.0670471
17,11,3061.00008847,2536.77022211
17,12,1053.52052273,850.480440757
17,13,1669.29774916,1267.84115269
17,14,2053.73996387,1646.68575233
17,16,5282.37197519,3007.65495349
17,17,1444.70169526,1154.32844689
17,18,2794.88264724,1978.96217663
17,19,2623.95936159,1534.5070642
17,20,784.797647048,631.083933838
17,21,789.011787071,607.023280335
17,22,1424.39922973,885.910853907
17,23,1613.23092927,1258.00868819
17,24,1111.05673815,796.626557373
17,25,1675.25567962,1228.19867924
17,26,1367.91121573,1108.74613631
17,27,314.494320464,263.099586212
17,28,234.55553465,178.299115577
17,29,632.445471041,545.881923486
17,30,520.121509535,445.419227202
17,31,922.979571851,683.347623632
17,32,1322.38567508,1101.76743703
17,33,968.154679757,775.552986392
17,34,2681.41584236,2046.86252712
17,35,607.996211949,509.482135708
17,36,2688.94174483,1812.52057758
17,37,0,0
17,38,8806.55592079,6968.51723533
17,40,3777.75160856,3237.73826754
17,41,71.7483840867,53.0542439752
17,42,660.132682992,548.306583668
17,44,754.639475406,641.142636075
17,45,15.6241563039,11.1742927741
17,46,1514.22225557,1285.63456493
17,47,54.2690982002,15.0258659324
17,48,1750.76062174,1238.21860532
17,49,71.1155270066,53.335786721
17,51,3.95036412805,2.32186046512
17,52,969.083068722,865.987138919
17,54,57.1683630514,44.6236338507
17,55,1482.57390931,1226.04847202
17,56,2424.75634894,1279.76904234
17,58,1011.78273363,855.928977505
17,59,457.624412826,431.817087117
17,60,138.953996965,107.171336434
17,67,3080.72286428,2642.62921255
17,71,968.579055658,756.062503233
17,72,13503.4030767,11985.1122783
17,74,2219.92162507,1490.07843183
17,77,34.7788378694,34.5142549157
17,78,5.47313196893,1.62003508376
17,79,2398.52188363,2031.79016187
17,80,500.851985436,460.629235625
17,81,1170.58765217,880.985537733
17,82,2195.51597758,1792.92270278
17,83,194.710511893,172.077110005
17,85,744.413175622,637.648068425
17,87,1583.63690145,1260.70237434
17,90,2801.38874733,2385.56468929
17,91,1236.11593322,930.850931565
17,92,5766.51225631,4423.83764575
17,93,533.829905444,456.175529561
17,94,917.81792193,500.83345739
17,95,4162.72628611,3201.32675223
17,96,470.732158707,357.140220153
17,97,979.487687427,779.968410207
17,98,260.444233522,219.368526472
17,99,0,0
17,39,0,0
17,50,0,0
17,43,0,0
17,65,0,0
18,1,16966.0562656,13070.6167952
18,2,7464.85115511,5026.03600082
18,3,7419.24147637,2737.99834545
18,4,2880.11364309,1871.09229112
18,5,13269.1676361,12702.2768004
18,6,5247.84589052,4971.79255519
18,7,11946.8028997,11102.2115768
18,8,3650.64763831,2174.36522156
18,9,4295.74961627,3082.39479548
18,10,4080.8105122,3286.62708424
18,11,7295.99380218,4683.88058708
18,12,679.001959823,582.548007249
18,13,5022.61382146,3525.53930419
18,14,4420.01450551,3235.11157572
18,16,7699.81228941,6484.96600706
18,17,3069.97420412,2307.5138744
18,18,4965.01698135,3939.9769388
18,19,529.742633849,425.777234003
18,20,1876.84652539,1566.85929519
18,21,1040.83057611,813.089811236
18,22,2279.60792642,1774.12731835
18,23,4788.99446745,3523.30227386
18,24,3369.10258839,3125.08825917
18,25,6836.58270211,6237.8214415
18,26,2202.95408991,1618.52488935
18,27,623.459727199,514.122034798
18,28,369.957758121,304.549202692
18,29,1249.30993512,890.540406585
18,30,1096.75947194,858.105809235
18,31,1175.33113286,878.93918197
18,32,1919.74959041,1410.02607129
18,33,1725.29344075,1199.82495024
18,34,4754.45534001,3893.27629298
18,35,1072.20381812,859.088165665
18,36,1093.50956589,762.694249069
18,37,0,0
18,38,8491.98432407,6517.04452382
18,40,7698.09634369,5388.77879238
18,41,375.71111361,283.778542488
18,42,1043.69945773,882.800540088
18,44,647.080757063,496.330855249
18,45,13.4140880713,9.37363984062
18,46,5994.50484246,5592.4109303
18,47,82.3052006849,35.9648558149
18,48,7.62791249096e-22,1.16324574949e-22
18,49,3190.02486608,2609.66705082
18,51,6.81106377351,6.17492556371
18,52,756.2232886,596.398342762
18,54,115.165086195,101.965031133
18,55,5495.49292317,5253.75239731
18,56,2366.32004561,1556.84247456
18,58,3971.22593223,3288.29985418
18,59,4316.51413229,4315.32030897
18,60,131.25100717,114.515803805
18,67,2032.55539292,1518.44929305
18,71,1995.03044486,1669.62011454
18,72,25082.4437695,22729.2823604
18,74,3702.69093856,2740.62224535
18,77,25.6401996855,25.6122350445
18,78,2.87446379629,1.06299165192
18,79,2801.03226757,2191.75883724
18,80,298.770250356,202.8346589
18,81,1969.39452857,1303.50544407
18,82,3618.80406046,2311.30765844
18,83,741.030467785,564.255224391
18,85,1334.34280912,1228.92059387
18,87,2782.11977039,2324.50448559
18,90,6596.65099272,4846.0980426
18,91,7509.39648043,6332.58844139
18,92,7007.70700208,5569.73666267
18,93,1972.9472727,1600.92887761
18,94,3502.3025633,2753.79110668
18,95,9029.12527242,7052.04076087
18,96,14.8539103348,7.38318780905
18,97,2678.96589496,2215.73408863
18,98,539.847432396,340.890280278
18,99,0.523248006873,0.523248006873
18,39,0.582985721017,0.582985721017
18,50,1341.05975178,1019.85643932
18,43,0,0
18,65,0,0
19,1,15388.476604,6780.96549282
19,2,7554.18241029,7040.68450616
19,3,2187.29788026,1645.91783324
19,4,2378.9643982,2054.13357329
19,5,18243.7230985,17600.3621881
19,6,1660.12432466,1376.04911469
19,7,6792.78330647,5362.67598703
19,8,2547.47178235,2041.65791128
19,9,5234.68612231,4194.11051367
19,10,12474.7474795,11939.4830908
19,11,9717.72908335,5753.88917774
19,12,1186.20402383,946.833287677
19,13,2238.13261037,1714.9663336
19,14,4882.52877412,4635.45177209
19,16,9671.65800094,5586.17320935
19,17,1555.16063776,1209.38991694
19,18,13297.0542858,12705.8975946
19,19,3.60587893392,1.76847298464
19,20,1032.4938856,818.132750913
19,21,1447.47168301,1120.4136063
19,22,1526.07053743,1276.82495871
19,23,3624.29909558,2867.05768006
19,24,1205.84580847,863.648850612
19,25,6369.60769899,6143.01569526
19,26,1673.42841411,1323.08378801
19,27,348.034192724,270.810394239
19,28,138.954518193,107.614320127
19,29,708.947834884,560.572771275
19,30,593.839349171,490.893483093
19,31,433.261204426,320.432375713
19,32,3156.94699968,2766.95246404
19,33,1555.61419368,1139.45180178
19,34,3667.36770406,2955.51651534
19,35,1043.81730755,774.365372759
19,36,1261.17786899,989.363973713
19,37,436.012686908,338.647418537
19,38,6212.25596008,5162.20367285
19,40,14021.2519375,13807.0079481
19,41,1276.67184594,970.439559255
19,42,823.637571515,667.111017009
19,44,1866.48364547,1766.08551303
19,45,6.51162317844,6.42441885229
19,46,1409.21633481,1101.84945712
19,47,208.997961718,91.9486396989
19,48,189.530849584,102.593036552
19,49,1540.96256506,1155.81244348
19,51,20.4500465328,19.5544899722
19,52,297.538998928,229.344501787
19,54,113.538428678,102.010782187
19,55,2130.69018991,1630.94805867
19,56,4497.4371019,2209.99376231
19,58,3017.67597855,2232.59420291
19,59,809.191775326,804.974340891
19,60,137.075460352,109.327974892
19,67,3935.79785609,2980.19602133
19,71,2055.33102431,1684.77693069
19,72,10955.9567066,7977.31185867
19,74,2062.54293326,1689.30382664
19,77,283.504481856,283.504481856
19,78,12.6075024091,4.62189430084
19,79,2248.31718122,1748.16414613
19,80,1348.91744934,1150.51062418
19,81,1305.68592898,999.838595363
19,82,17639.4337581,17339.1545094
19,83,680.827640135,470.490471247
19,85,1027.91789315,879.773176158
19,87,2072.07981825,1522.63544549
19,90,7174.67490134,6054.31755077
19,91,4945.62128596,4079.22154266
19,92,9143.61592627,7090.9843085
19,93,3859.06553422,2978.19410797
19,94,4184.71816868,3260.81576459
19,95,4841.52772073,3633.5960169
19,96,3472.62158778,2936.24612479
19,97,1956.63475736,1626.94338447
19,98,1103.28922074,865.920349476
19,99,861.656577086,810.774632655
19,39,0,0
19,50,410.951410924,309.559216291
19,43,0,0
19,65,0,0
20,1,26984.4595428,14780.9054944
20,2,5272.28468507,4325.39708784
20,3,2612.4856093,2288.4023935
20,4,3405.49750073,2543.13514982
20,5,14515.5983217,13368.8759852
20,6,2542.64252385,2179.88416952
20,7,23489.1450635,20409.1562805
20,8,4195.11498031,3235.64896058
20,9,5164.66117562,4185.97820696
20,10,4922.14395833,3881.57952115
20,11,8045.78259839,5023.04684658
20,12,1358.24286442,1000.32029632
20,13,3023.35991442,2381.68617228
20,14,6471.42949479,6128.13806186
20,16,8717.26040615,6182.04341909
20,17,1292.09477904,1023.01287364
20,18,8407.95559729,5043.18353921
20,19,223.124642005,110.927067006
20,20,821.953160602,676.438198336
20,21,1676.93453861,1242.09673763
20,22,2612.73749389,2239.70207864
20,23,7614.23839147,6589.37508682
20,24,2085.26317429,1509.17482131
20,25,3290.43767841,2595.35881481
20,26,3131.08118042,2392.97753009
20,27,379.42080234,255.189245824
20,28,190.796440991,149.184906484
20,29,1934.95785741,1729.96882037
20,30,797.081524197,579.210471263
20,31,626.727651417,506.265184156
20,32,2854.2587165,2184.40983203
20,33,2567.1512352,1964.99027218
20,34,4109.91470007,3044.08542913
20,35,1287.86150551,1049.70157421
20,36,2466.2860538,2112.69689091
20,37,612.848573937,487.569848015
20,38,15438.4135172,13109.245786
20,40,7631.27302014,6628.89265816
20,41,7142.67069129,4737.80297352
20,42,970.014445534,751.545336198
20,44,1056.36882205,797.541686403
20,45,12.8257701575,10.3507731185
20,46,7920.00508208,7681.38878633
20,47,124.82796015,42.4701094902
20,48,2198.75105547,1272.58945319
20,49,4384.35009473,3610.65930065
20,51,4.57251356692,0.743448737954
20,52,1047.95164575,876.632615003
20,54,277.860218351,262.782752732
20,55,5175.76888098,4611.48632298
20,56,4182.59882779,2691.96982307
20,58,2458.99716916,1857.43290185
20,59,9849.27091064,9847.27926258
20,60,122.266095432,104.39701419
20,67,6340.09038382,5207.1881484
20,71,2008.30644343,1704.85344119
20,72,20911.8748719,16695.3872293
20,74,2672.98545169,2235.8114764
20,77,348.942774593,347.892134584
20,78,0.766776562377,0.141674873706
20,79,3597.2369209,2974.74659592
20,80,2453.29281868,1965.70225213
20,81,3283.9345865,2754.73826369
20,82,26106.7273551,25777.649501
20,83,916.839100153,709.994275067
20,85,1629.99380761,1526.38696682
20,87,7413.41723544,6028.01010815
20,90,7157.36152556,5113.95216259
20,91,5347.37096312,3892.6769373
20,92,11188.7272749,8516.58075457
20,93,6284.8971465,4812.1766209
20,94,5411.34971745,4208.85458507
20,95,10421.0169018,8504.40351031
20,96,19.0573900754,7.15055700264
20,97,2793.37512973,2261.30107372
20,98,2883.70131625,2369.13704678
20,99,2199.52706395,2161.99772978
20,39,0,0
20,50,641.005237886,490.87289844
20,43,0,0
20,65,0,0
21,1,4579.68383993,2664.27073452
21,2,5968.31776068,5341.4271699
21,3,6335.55898549,3454.64408372
21,4,1469.24975116,1124.04859297
21,5,2669.30706127,2102.54611766
21,6,2664.10228044,2430.87519988
21,7,8835.91968272,8409.16869396
21,8,1363.78055233,1065.20831219
21,9,2716.70125351,2254.22399962
21,10,3797.93313484,3257.304538
21,11,2864.9774635,2166.06524317
21,12,546.831776547,461.46041829
21,13,2111.16027592,1584.53426851
21,14,2062.0798061,1680.20980881
21,16,1595.87493979,1130.84623926
21,17,1864.41038026,1660.38582493
21,18,2462.08748599,1567.63279793
21,19,542.769495143,453.37835589
21,20,838.918373521,664.38943925
21,21,1194.24003648,1125.94572289
21,22,1929.37474854,1540.8083321
21,23,4418.10682587,3355.38217768
21,24,3122.11414913,1674.2801796
21,25,1781.40732038,1334.74675059
21,26,3318.34081906,2916.8466305
21,27,300.588367497,253.94399398
21,28,211.588767715,178.477775093
21,29,1122.54381631,1010.04039998
21,30,888.100561903,753.568894496
21,31,1460.29592876,785.618768038
21,32,1610.92731256,1196.63817046
21,33,2681.1845341,1938.15003147
21,34,2381.91993333,1922.30616355
21,35,593.573496627,480.8468444
21,36,539.219577858,429.24483326
21,37,0,0
21,38,10740.5734055,9320.8539122
21,40,2869.73939267,2211.97793469
21,41,1966.78982184,1140.374608
21,42,801.26008014,642.746294382
21,44,1401.12992921,1242.3103603
21,45,3.75222408401,3.02289197371
21,46,1713.92658128,1413.76188499
21,47,92.6522336309,42.7418027173
21,48,0.0467389781999,0.00712762735429
21,49,2606.50525889,1982.36614965
21,51,0.152498570333,0.0232558139537
21,52,702.83968939,559.259891033
21,54,71.8646160507,58.21715596
21,55,2555.19305652,2220.47142867
21,56,515.773813631,391.863096228
21,58,1553.59022607,984.009742683
21,59,3486.6115413,3481.67510958
21,60,96.1099668782,71.7723614987
21,67,1126.16421069,790.106574423
21,71,1584.88442028,1205.26874599
21,72,7681.91177817,5934.05504031
21,74,1629.72922831,1281.24632833
21,77,41.2043184864,41.2043184864
21,78,0.156861469191,0.156861469191
21,79,3183.23143782,2786.27498943
21,80,81.0193698718,72.6283519144
21,81,935.678420147,813.420835509
21,82,2710.75731688,2258.09727616
21,83,100.632111046,83.3051997006
21,85,306.052710736,240.084368534
21,87,1268.44364101,1039.20517209
21,90,1456.06089322,1209.66900055
21,91,791.60982008,558.545478883
21,92,4633.04906293,3968.95417781
21,93,133.453511052,108.052893469
21,94,1162.00556807,643.249020868
21,95,3849.3416344,3305.27068281
21,96,4.50971788709e-16,1.9852644747e-16
21,97,484.900440328,428.048096386
21,98,316.03784021,212.547949428
21,99,0,0
21,39,0,0
21,50,0,0
21,43,0,0
21,65,0,0
22,1,16449.2365329,8296.05959687
22,2,8372.39330419,7727.0496074
22,3,2828.68468936,1565.93065093
22,4,2425.7576068,1823.93939358
22,5,6176.64099686,5000.91947348
22,6,5485.3114226,5301.69976295
22,7,11501.0927857,10725.8688522
22,8,2450.57227755,1933.09311403
22,9,4425.92729567,3340.61102179
22,10,1846.40727919,1439.03397868
22,11,8457.39649364,4031.59154958
22,12,685.937585126,588.143175692
22,13,3253.63368423,2759.66185245
22,14,1859.76227982,1567.99812682
22,16,6854.36296501,5004.28255466
22,17,1555.56566815,1286.15892353
22,18,12134.1801537,11388.7271744
22,19,641.952593516,584.264177385
22,20,882.41002014,748.829506404
22,21,1074.32772766,736.146533169
22,22,1586.12237073,1305.27249777
22,23,11939.0491705,11392.3014279
22,24,1722.70281223,1329.9903245
22,25,1768.93291857,1449.72219362
22,26,1457.83775421,1086.41640092
22,27,394.082164822,321.010583494
22,28,176.126095864,141.606842101
22,29,2389.10005871,2210.64263289
22,30,650.840479688,550.505071078
22,31,728.986515265,540.919946585
22,32,1150.89426847,865.175702923
22,33,1369.76357043,1097.77744908
22,34,3656.32383476,2935.32875271
22,35,1163.09064585,960.965644578
22,36,1071.53455266,837.051007039
22,37,0,0
22,38,10270.4385657,7949.32618597
22,40,2769.84861803,2114.15939851
22,41,640.71440636,493.181913074
22,42,1502.13785341,1268.13364224
22,44,817.209254578,660.947855057
22,45,25.5468026338,18.6125541558
22,46,1742.34159253,1213.85027551
22,47,33.5481680466,16.4824887753
22,48,6.36435030915,2.46652390914
22,49,19.2331721475,12.1109096156
22,51,10.2963226397,10.0197372239
22,52,942.259026267,773.599244474
22,54,225.587142046,217.298030406
22,55,1738.81372676,1214.04164868
22,56,2596.73367869,1551.33115722
22,58,2066.8693244,1659.0536351
22,59,3938.69996271,3933.92166661
22,60,301.044500113,260.98425421
22,67,4337.92516016,3656.36292705
22,71,1111.90238216,867.655159651
22,72,9641.22230533,7614.89419645
22,74,3557.12219271,3230.19534468
22,77,75.5478153501,74.7003214276
22,78,0.174702330446,0.174702330446
22,79,3382.71434404,2827.41019977
22,80,550.482305736,451.296640408
22,81,1780.65951846,1465.07273867
22,82,7268.43117523,6613.39542098
22,83,619.666984451,524.797363003
22,85,426.278618443,344.970342805
22,87,2619.55765875,2227.6057648
22,90,2019.68033309,1684.7501169
22,91,2409.96175912,1935.07489998
22,92,5117.05083766,3900.1796775
22,93,718.743940884,565.75950017
22,94,1392.53889426,1248.64429171
22,95,5894.42909605,3463.32946974
22,96,3.89703375569,1.40860465116
22,97,634.620985589,508.678264709
22,98,211.209644568,163.009506521
22,99,0.565703144235,0.565703144235
22,39,0,0
22,50,0,0
22,43,0,0
22,65,0,0
23,1,20695.9471962,12615.3877041
23,2,5089.67258441,3964.24307266
23,3,3537.03693339,2956.63617967
23,4,4623.49901363,4056.26858885
23,5,15338.7732431,13719.5200021
23,6,2989.09117156,2421.84819257
23,7,13733.417535,11750.9047814
23,8,2708.20630791,2056.26804127
23,9,8185.62402382,6393.02239027
23,10,3745.59010393,2761.55843598
23,11,11040.4525056,6151.65293409
23,12,808.458146513,629.491638902
23,13,4163.91437195,3485.23694437
23,14,3317.27390504,2835.84206692
23,16,10622.0297759,6268.77222009
23,17,4140.13233121,2934.52463595
23,18,8762.50335663,7904.04994742
23,19,397.468693494,325.66793449
23,20,1696.87678368,1246.73930424
23,21,1560.88968074,1124.31475121
23,22,2618.10834663,2153.70058624
23,23,5555.75044495,4467.55814217
23,24,1996.36258725,1602.75837467
23,25,2831.93222343,1918.45579138
23,26,2547.37521073,1764.26213926
23,27,714.99833879,581.151884538
23,28,206.260082238,162.091780473
23,29,1294.53952609,1002.20466591
23,30,1317.37990895,1115.4753093
23,31,943.266959899,794.419303347
23,32,1218.84038699,971.815705381
23,33,2228.16398917,1789.25736474
23,34,5628.29386374,4044.70972312
23,35,1436.01473478,1162.13554966
23,36,1878.89816738,1550.71684988
23,37,0,0
23,38,6132.86339333,5070.39155499
23,40,13201.4507173,12761.9100742
23,41,1310.482475,1105.00369151
23,42,1548.15715784,1228.57366052
23,44,1843.93658149,1600.25743073
23,45,38.0622862726,27.7156480497
23,46,5416.934931,4143.71878639
23,47,56.1320659769,21.6813783771
23,48,79.5335883574,51.3837403116
23,49,3594.97303264,2698.50983846
23,51,49.4887490694,39.5055232408
23,52,549.085418481,455.819359427
23,54,104.178407893,92.1307654478
23,55,2285.64787482,1600.62650919
23,56,3978.51148363,2207.15192379
23,58,1868.19952622,1548.01512662
23,59,5692.87093901,5689.46548355
23,60,130.765363051,123.428583711
23,67,3610.10628277,2679.06165858
23,71,1705.02703486,1344.5168394
23,72,10331.3256983,7741.32947713
23,74,6193.18611264,5263.4902094
23,77,194.927562029,192.665398193
23,78,3.83311398092,1.29674418605
23,79,2841.98048577,2254.44842441
23,80,1506.06739317,1354.49201928
23,81,2042.30447264,1844.12745695
23,82,2863.23768212,2169.53091147
23,83,595.724399504,470.822951847
23,85,1805.63376601,1659.49669431
23,87,5710.99432613,4828.16725315
23,90,2275.36735023,1725.18236523
23,91,4253.46746205,3646.41236692
23,92,9211.39683073,7885.94206236
23,93,561.958454779,392.913647965
23,94,440.683523075,205.712401445
23,95,4422.13394055,3536.88096502
23,96,2209.72932794,1854.91221119
23,97,1024.55981098,864.260935348
23,98,127.823666725,96.1063641493
23,99,0,0
23,39,0,0
23,50,1865.13909546,1448.34318142
23,43,0,0
23,65,0,0
24,1,12159.1473966,5055.07701143
24,2,7339.14742875,6925.21873167
24,3,2425.50339398,1503.99748482
24,4,1872.87317495,1650.7627023
24,5,4518.39014136,3130.73631052
24,6,7295.45837119,7061.62482045
24,7,6130.83114049,4500.00603682
24,8,3174.75307975,2693.81907968
24,9,4068.36454279,3127.00861831
24,10,9088.28763753,8342.63310991
24,11,6989.64931216,3710.84436542
24,12,751.184972253,584.003272786
24,13,2387.06204902,1897.45441475
24,14,2128.45971342,1669.99740838
24,16,8012.99537686,6114.93273488
24,17,2307.32824349,1887.76131832
24,18,3521.41382578,2934.76471703
24,19,62.7087230386,50.9944405017
24,20,698.402414682,543.105355864
24,21,925.486969652,651.706367676
24,22,2147.02725322,1914.30143114
24,23,5392.33890278,4551.48969825
24,24,874.163767489,642.291205272
24,25,2828.17337205,2263.86118872
24,26,1176.10190098,909.199184999
24,27,297.566483581,239.986157732
24,28,133.771401636,108.390090978
24,29,1116.45703529,955.071623116
24,30,643.439003311,517.457764102
24,31,2172.08533674,2066.17642047
24,32,1544.97835702,1254.70749693
24,33,1306.18598023,987.078960633
24,34,2668.11818128,2078.30097681
24,35,864.428394607,683.426381213
24,36,1092.13230814,791.861153592
24,37,841.855865371,726.900749166
24,38,13682.5428245,11081.4412461
24,40,4385.23453306,3714.2713558
24,41,896.20823819,617.274883321
24,42,841.66704703,697.126715618
24,44,587.608131912,475.860733632
24,45,22.6080267923,14.957010988
24,46,1979.99546609,1459.25791219
24,47,11.9546631361,3.26997089497
24,48,0,0
24,49,1616.02783777,1381.41766863
24,51,1.0815359845,0.89753448755
24,52,452.839344436,352.741392142
24,54,79.6794965586,64.9733675351
24,55,3146.70562941,2353.94380771
24,56,2870.70473389,1778.79891738
24,58,1663.59988945,1315.22742543
24,59,2500.71160296,2499.02636939
24,60,53.9172134834,42.5150509001
24,67,2682.36923227,1550.27027659
24,71,2168.10873381,1877.32159207
24,72,7986.47330709,6372.5180248
24,74,2571.65703905,2131.33079551
24,77,53.1367743048,32.8606090505
24,78,0.0474737633068,0.0474293900415
24,79,2085.52945367,1623.54432828
24,80,3217.58498972,2720.87101477
24,81,1742.27965322,1370.45252104
24,82,9101.26314993,8605.36180547
24,83,827.647659162,689.462427624
24,85,791.3540857,728.732498694
24,87,3023.09908456,2373.80632822
24,90,5333.69581212,4110.55807749
24,91,3883.71145302,3083.46266986
24,92,8108.42732138,6573.25437431
24,93,5391.10429849,4594.88394393
24,94,3919.58673089,2958.84204936
24,95,5807.76461058,4830.08095432
24,96,1519.91165954,1183.81875883
24,97,1356.8972444,1118.53196621
24,98,1225.35437208,1046.59251206
24,99,817.719266926,788.180144007
24,39,0,0
24,50,535.78442781,440.571649333
24,43,0,0
24,65,0,0
25,1,10337.3153961,5690.60349241
25,2,3513.90928367,3076.59864174
25,3,2770.47894912,2140.49064842
25,4,2414.96567908,2138.67443423
25,5,6344.54327189,5961.0031294
25,6,1019.60941069,735.647747734
25,7,7334.35065436,6535.98602362
25,8,2119.62814535,1747.78650325
25,9,1718.77402146,1380.70918863
25,10,3497.35577072,2698.83007128
25,11,3171.91662754,2066.51765531
25,12,576.650007505,444.964132814
25,13,1792.08972227,1372.73294729
25,14,1355.26602383,1028.87899843
25,16,5128.45802333,3629.78787131
25,17,1138.69616854,937.490587737
25,18,4795.56764671,4571.98596934
25,19,6.29954772641,6.29548988165
25,20,596.628654217,488.483993444
25,21,1110.63102234,965.563311283
25,22,1008.45445234,820.088251118
25,23,1791.40289999,1473.88493499
25,24,711.006151545,555.75533109
25,25,1525.56018516,1185.48605203
25,26,878.618748926,632.139474155
25,27,275.895079076,229.229405101
25,28,125.117657807,100.257781793
25,29,1552.23405628,1398.30955501
25,30,444.748723803,344.507968806
25,31,358.215411697,280.650523644
25,32,723.257018065,548.580776149
25,33,687.801543537,564.760077546
25,34,1886.10966713,1519.48083194
25,35,710.986977267,575.934583752
25,36,590.611172636,429.840424332
25,37,474.783251761,390.202903699
25,38,7090.52491825,5390.26284349
25,40,2846.65503959,2304.12076317
25,41,3993.62345833,2899.33830988
25,42,695.360537572,526.865888386
25,44,461.963398255,369.017229835
25,45,12.4683332412,7.55185089923
25,46,2717.3192952,2357.13272881
25,47,26.6010528737,14.0700793857
25,48,20.6198199707,5.25226253322
25,49,3457.4489952,2785.44122146
25,51,1.81724244089,0.828306114424
25,52,522.563369701,387.670745688
25,54,50.5051028518,38.8974598163
25,55,1660.25419085,1229.50881187
25,56,2260.20278216,1407.46269217
25,58,683.34322443,539.498408734
25,59,667.188213291,659.869629961
25,60,206.984649519,184.010118789
25,67,1968.13953563,1216.144399
25,71,1106.87876349,919.739924662
25,72,6032.70797228,4845.88875602
25,74,1573.91801327,1244.13762819
25,77,23.4255488463,23.3776336606
25,78,3.83404603873,1.18768759946
25,79,997.551058249,749.475196949
25,80,466.239073203,398.260229369
25,81,1421.62573478,1296.64898232
25,82,1735.83002065,1446.15187494
25,83,130.633021604,113.477854471
25,85,1512.72458509,1412.08806084
25,87,868.524896321,696.543789814
25,90,1237.94891438,1006.89072746
25,91,659.730345603,525.573066807
25,92,3105.71510935,2417.1075118
25,93,151.256536023,116.288315266
25,94,2002.866451,1818.57592345
25,95,3141.59943757,2419.89812878
25,96,0,0
25,97,344.496769841,278.001687208
25,98,484.225780654,323.958965343
25,99,0,0
25,39,0,0
25,50,462.293362496,403.332703076
25,43,0,0
25,65,0,0
26,1,6182.32375813,4204.3797314
26,2,4409.61101682,4109.33465896
26,3,834.713353462,576.162964263
26,4,1634.16594972,1395.24604884
26,5,6832.53281002,6425.54193132
26,6,1365.22859777,1104.83313663
26,7,4545.16062612,3774.85426981
26,8,1980.23434689,1624.8894776
26,9,2439.53842044,1928.53468299
26,10,2055.36632933,1640.20274387
26,11,5805.87970523,2976.48384125
26,12,812.063899734,639.796381588
26,13,2164.17742719,1775.43966213
26,14,2255.31990871,1952.15422807
26,16,5827.52288639,3821.48466379
26,17,900.392089411,736.447634518
26,18,1231.31442281,1127.33345578
26,19,473.211818238,392.157543379
26,20,663.82182953,529.904486769
26,21,881.759769553,702.071843474
26,22,1053.29026137,863.585102378
26,23,1828.98612958,1399.37384586
26,24,682.628669204,537.200454715
26,25,1263.12223337,906.500813487
26,26,650.908973965,473.154504316
26,27,259.161095604,205.582352093
26,28,116.045147972,90.7670474326
26,29,578.573577741,455.434933321
26,30,385.542845036,308.781465855
26,31,394.979769285,315.880625264
26,32,805.967353283,651.473943748
26,33,650.889776458,473.571519512
26,34,1852.34841356,1489.05435257
26,35,606.332775528,468.160662489
26,36,650.533528944,489.513658965
26,37,0,0
26,38,9834.19524748,8052.18750657
26,40,2226.54993911,1889.81096716
26,41,859.623746738,637.642757525
26,42,627.097167064,519.722556015
26,44,631.798115614,539.574691825
26,45,31.3703952259,24.5842857407
26,46,1097.97779441,937.764420755
26,47,58.0615402444,39.9781132039
26,48,846.953444716,763.122837057
26,49,1549.5333238,1120.13779652
26,51,96.5091763882,95.7830526681
26,52,627.997882419,480.029163532
26,54,49.8246905814,40.6037107978
26,55,2887.19119397,2643.43819049
26,56,2229.34755963,1241.32322258
26,58,0,0
26,59,192.145641513,181.463974718
26,60,59.93424117,47.4004683683
26,67,1417.44606529,862.96269358
26,71,887.230829851,713.304170423
26,72,6009.37033431,4668.9375258
26,74,1445.43622134,1025.36709405
26,77,77.8036265725,77.148233334
26,78,0.374340452723,0.374340452723
26,79,1714.87874377,1320.27413412
26,80,1161.89186172,943.939207626
26,81,1362.93363213,1014.4763444
26,82,9621.58617791,9547.75860415
26,83,724.653899462,665.43036275
26,85,343.278882756,276.353254273
26,87,2774.39757328,2283.19539282
26,90,4846.38918949,3863.86182165
26,91,3583.98098619,2585.07698528
26,92,6782.97557021,4719.39451636
26,93,2851.14434079,1924.62049872
26,94,3252.46373382,2366.36402516
26,95,4428.9178804,3386.60761463
26,96,1632.10156508,1173.81252889
26,97,1387.40046062,994.088507494
26,98,1060.7163515,888.654501513
26,99,552.486936063,541.41216061
26,39,0,0
26,50,308.946258591,115.418604651
26,43,0,0
26,65,0,0
27,1,14792.7629327,5918.14416263
27,2,13172.9002502,12609.3943395
27,3,3775.79833244,3220.40152271
27,4,3392.5408384,2654.39870195
27,5,18778.6178293,18298.8320693
27,6,3286.75261899,3008.06862212
27,7,8124.98741197,6146.16495847
27,8,4313.5808553,3787.99585434
27,9,4598.8615045,3642.99419258
27,10,3694.72825731,3004.27075176
27,11,5811.10457695,3669.35687459
27,12,790.208891978,644.146828774
27,13,4361.90637994,3586.55373718
27,14,8131.50158769,7536.66276851
27,16,10359.8286228,8321.39217508
27,17,2224.31584087,1594.39908882
27,18,5377.04245943,2781.19299869
27,19,566.104442452,487.788237265
27,20,1969.47501594,1615.48877568
27,21,968.782521,748.041427641
27,22,2569.21526129,2214.86718946
27,23,6799.85259152,5897.64107116
27,24,1887.58635045,1360.84153567
27,25,8571.59861703,8441.90895283
27,26,1810.65829593,1352.18055322
27,27,271.557340959,212.694244601
27,28,246.814291841,210.940249993
27,29,1456.94240519,1216.01047925
27,30,712.870466508,549.155192814
27,31,697.186759432,584.785648832
27,32,1408.98862932,1048.12314978
27,33,1946.47073718,1500.53955951
27,34,4671.30267643,3934.11126968
27,35,1125.49150201,915.494956139
27,36,1359.54661445,952.163981552
27,37,1036.45209388,941.386578658
27,38,10873.0777828,9518.74711479
27,40,5782.07530963,4674.12550289
27,41,1284.38585183,882.10246743
27,42,1210.71381734,967.635393425
27,44,940.921935612,750.47594194
27,45,16.648258993,11.8785235606
27,46,4421.06579064,3740.48593108
27,47,121.117081448,119.502828914
27,48,0,0
27,49,2366.85040674,2070.7870155
27,51,3.53165090847,1.39162790703
27,52,2148.68623038,1944.1335852
27,54,64.6088100023,55.6745215937
27,55,4963.16188423,4669.44297061
27,56,3944.07921651,2330.24500626
27,58,1841.95261995,1367.83075297
27,59,8003.35498546,7975.5070205
27,60,83.2011569956,70.3972296864
27,67,3338.09553875,1777.98448661
27,71,2634.42911372,2148.99441361
27,72,8127.76022733,6616.25831192
27,74,6225.80448227,5727.66141888
27,77,75.6568856123,41.4112801237
27,78,6.89580856902,2.72888892996
27,79,2543.44718264,1973.24162526
27,80,1870.16048733,1391.13704386
27,81,3048.27463079,2429.96340228
27,82,14864.327453,14506.0800277
27,83,1142.76031933,902.61286243
27,85,3198.76847872,3087.17599181
27,87,1821.58493292,1448.78494453
27,90,8945.31202045,7277.76074664
27,91,4488.20234245,3539.34357648
27,92,10282.5989841,7507.46068714
27,93,6681.75990604,5380.69806888
27,94,8306.39795013,6947.54966826
27,95,8749.29857336,6048.80819058
27,96,4106.88799226,3528.39375633
27,97,1984.89014144,1694.54806409
27,98,1158.25937517,885.843238867
27,99,1694.59096924,1682.76502148
27,39,6.57250980821e-16,2.91000785661e-16
27,50,808.569625619,604.447902036
27,43,0,0
27,65,0,0
28,1,12004.5580798,9520.44077626
28,2,8455.29571654,7602.08835723
28,3,1709.59230665,1198.70220428
28,4,2154.35067904,1541.53331129
28,5,4490.11317691,3437.8448992
28,6,2355.08544562,2124.09133186
28,7,11619.585553,11017.7257826
28,8,3235.9599175,2977.9234703
28,9,3126.12338159,2413.91736804
28,10,2944.39357088,2412.62504399
28,11,2180.37015447,1687.343523
28,12,503.163523856,382.854863084
28,13,2779.47239479,2366.019145
28,14,3023.95664457,2631.14846513
28,16,1471.66973008,1153.86463397
28,17,1524.16917738,1175.76667638
28,18,3789.48938465,2724.11149812
28,19,548.497846027,454.654923592
28,20,847.645150342,662.555911589
28,21,684.743112214,574.26815996
28,22,1431.16277936,1122.51869749
28,23,3257.85311705,2505.13874625
28,24,1747.26320719,1423.91066034
28,25,1531.51434188,1194.46606368
28,26,2110.59399296,1685.70197994
28,27,310.88056611,250.520812254
28,28,118.923373434,93.8748448252
28,29,696.458471289,570.37054627
28,30,568.762673401,461.305981925
28,31,704.430560926,467.528553196
28,32,2614.02957317,1980.92743922
28,33,2476.6313163,2055.22119262
28,34,2801.47968363,2216.25652441
28,35,695.028778562,547.454907303
28,36,1011.19917588,816.296995605
28,37,440.789112957,333.858779747
28,38,8922.0081696,7254.71723787
28,40,4083.71944866,3612.50242124
28,41,2027.07135027,1388.36203905
28,42,685.492528388,495.422834112
28,44,520.688153142,432.289577685
28,45,48.5409776172,22.8524066717
28,46,5855.12528463,5684.75376259
28,47,210.109096367,101.798593348
28,48,0,0
28,49,2178.60395503,1661.41344941
28,51,1.9615107782,0.914173154971
28,52,552.121271773,382.264806362
28,54,72.8742130013,63.9770865828
28,55,4638.59195493,4377.92821958
28,56,403.00261755,317.906222178
28,58,4927.29340213,3526.00370084
28,59,4223.56472548,4222.52563129
28,60,124.314142755,94.0250228846
28,67,1856.14897156,943.501111096
28,71,1497.34003555,1251.79528475
28,72,8211.22071666,6619.56633259
28,74,1648.92864512,1327.20307795
28,77,89.5284943645,28.8320693851
28,78,2.9641809676,2.13224152389
28,79,6425.01788403,5822.12788961
28,80,2135.37288162,1558.96400671
28,81,2410.76116929,1635.8361977
28,82,1924.14746228,1594.21358459
28,83,1552.26750739,1100.15304514
28,85,363.277377541,278.870448226
28,87,2215.99738677,1797.23535412
28,90,11692.9243572,9362.77948978
28,91,8602.46205061,5547.60909187
28,92,17177.6560611,12296.6356675
28,93,10417.3585789,7280.10665189
28,94,4971.05305904,3570.03276938
28,95,13285.8818258,9701.31027223
28,96,7753.02691452,5104.39987465
28,97,4083.92918671,2821.22541875
28,98,1696.89778486,1451.37203047
28,99,1243.93594078,1231.18281167
28,39,0,0
28,50,0,0
28,43,0.0,0.0
28,65,0,0
29,1,10586.3202807,7476.76648742
29,2,3624.41861656,3327.54362954
29,3,1609.40357855,960.627760479
29,4,1558.4195888,1313.68506171
29,5,11489.9948743,11176.2142162
29,6,2266.84285438,2003.28163013
29,7,6890.28096298,6145.01304087
29,8,1604.51600776,1351.6859421
29,9,2117.2565002,1446.37778158
29,10,3176.71683587,2967.39273203
29,11,3383.11573794,2097.39951903
29,12,411.180272002,343.056349174
29,13,1800.84052164,1458.63769592
29,14,1094.89697519,891.955532749
29,16,3178.9742558,2509.3899904
29,17,1019.68205203,820.069104827
29,18,1728.53811669,855.653930209
29,19,197.533829712,193.798953983
29,20,898.262081204,741.704377162
29,21,731.800297115,542.572589456
29,22,1056.20698185,782.98781439
29,23,2355.00446022,1977.6916709
29,24,982.907775346,784.1378733
29,25,1209.67640227,949.5396566
29,26,1086.85524749,819.120871395
29,27,233.629177151,195.769041629
29,28,146.572457706,111.887471406
29,29,665.955786571,512.823425057
29,30,595.399147217,421.388098519
29,31,415.190557682,315.742710767
29,32,1114.18452499,794.179509213
29,33,976.539042186,828.288115283
29,34,2702.34680736,2158.58090416
29,35,729.846116247,609.861656946
29,36,876.592353135,602.194589129
29,37,0,0
29,38,9712.19613343,7889.60559392
29,40,3298.78809325,2754.39419122
29,41,337.737740294,263.787035789
29,42,541.945436425,442.50849677
29,44,1102.29919098,1064.35635282
29,45,5.97380606461,5.97380606461
29,46,1481.21606837,1305.61269108
29,47,45.0611667048,11.4576753542
29,48,3.22549748722,0.695628373682
29,49,95.4989529665,74.4497254051
29,51,7.7095654758,3.33386857755
29,52,254.987619181,197.488608555
29,54,36.8884462756,30.2654643126
29,55,2224.35010416,2087.889702
29,56,2210.62594343,1239.45263806
29,58,1223.31178273,1047.298191
29,59,199.426812803,186.942560352
29,60,301.349163281,279.705363858
29,67,2243.77729175,1953.70348799
29,71,806.93869709,649.132230802
29,72,6396.36123578,4475.60711377
29,74,1470.70142484,1284.9831264
29,77,66.835976415,66.835976415
29,78,4.19423244856e-22,1.0555298443e-22
29,79,1030.34946969,826.280959439
29,80,132.099080606,124.680147088
29,81,499.663412993,363.358668394
29,82,2248.99335589,1768.04975628
29,83,194.070527399,155.141792633
29,85,403.898932295,316.052935795
29,87,1511.00946573,1281.94518559
29,90,895.592011081,720.017228557
29,91,530.500291938,442.041990931
29,92,3412.63318587,2752.90681053
29,93,502.470349788,414.745161189
29,94,555.265780498,261.162770001
29,95,3068.0143104,2363.86818264
29,96,3.68844834081,0.627906976749
29,97,255.031857745,203.046003551
29,98,128.692147343,104.492961778
29,99,0,0
29,39,0,0
29,50,0,0
29,43,0,0
29,65,0,0
30,1,1750.13121153,1101.67836516
30,2,1189.3640364,938.204491787
30,3,373.228737138,184.308592714
30,4,2281.94777415,1995.57335735
30,5,275.401037629,216.012302732
30,6,26.2848800768,21.9243075864
30,7,192.540148056,154.584305208
30,8,1728.67570244,1474.67709357
30,9,76.6317046431,53.8889815011
30,10,74.8486043175,59.8191471002
30,11,459.400123597,385.943605153
30,12,34.577152358,27.075592676
30,13,2729.15734909,2476.1964238
30,14,313.349736395,269.292800666
30,16,576.209227137,498.697898702
30,17,141.31692341,120.295257113
30,18,278.018169747,136.699972013
30,19,0,0
30,20,59.1406577404,46.8054586828
30,21,357.447240796,265.745615303
30,22,45.6014618371,31.6904250705
30,23,19.4056834199,15.9923219408
30,24,4.26751727716,1.86999584416
30,25,52.5563557908,43.4021083733
30,26,4.62706761204,2.72243550928
30,27,8.15668196207,4.92208287686
30,28,55.648505858,44.8448625268
30,29,2.76020390214,0.801395348837
30,30,0,0
30,31,99.3583352751,79.7055211526
30,32,67.0931629507,55.4934488567
30,33,1.91025092688,0.55687585364
30,34,1.8078989601,1.09968846082
30,35,0,0
30,36,0,0
30,37,0,0
30,38,7417.7215549,6268.40340697
30,40,4378.63638597,3869.92492653
30,41,32.4996440658,16.6097414163
30,42,43.8591652862,37.5182974348
30,44,1.21681472399,0.425307312159
30,45,0,0
30,46,963.810215419,715.064413657
30,47,0,0
30,48,0,0
30,49,9.73437768065,9.16952020682
30,51,0,0
30,52,13.8382486982,10.2100765511
30,54,0,0
30,55,10.8701033314,3.31536611433
30,56,136.42845192,84.8215753422
30,58,0,0
30,59,258.416926,250.332903559
30,60,170.159241414,125.974062906
30,67,559.516904085,359.49473117
30,71,0,0
30,72,64.4686689494,52.3447550878
30,74,185.094805702,150.705049848
30,77,0,0
30,78,0,0
30,79,1584.04014426,1443.1594984
30,80,1506.03992466,1064.21029544
30,81,1748.15883536,1430.52788674
30,82,771.332406145,630.300988901
30,83,521.005032173,471.705622649
30,85,36.5528447829,27.7910869798
30,87,163.649135061,128.75423414
30,90,2746.500024,2211.92929656
30,91,5375.278591,5115.45164217
30,92,4839.23391307,3784.61919393
30,93,5167.30786091,4676.19104387
30,94,2552.08988123,1856.6426721
30,95,8475.49235004,8037.42068692
30,96,5227.43104366,5012.45957447
30,97,1549.04789348,1166.37603806
30,98,686.11008188,594.734507699
30,99,1.02481762416,0.159069767442
30,39,0,0
30,50,0,0
30,43,0,0
30,65,0,0
31,1,5213.38290972,2721.75181026
31,2,7861.31663099,7358.97845267
31,3,5749.9043926,3036.49210657
31,4,2866.93647669,2414.35651617
31,5,4273.04746256,3286.2971131
31,6,1518.72406884,1219.88923708
31,7,3560.19730679,2996.92046361
31,8,1447.74740496,1131.39478475
31,9,1887.77105361,1519.57925028
31,10,2452.87327691,1981.02295289
31,11,2622.50460658,1834.58813011
31,12,428.956402497,350.886473487
31,13,1424.68225724,1158.38940016
31,14,1726.11381584,1340.43579651
31,16,1854.05386052,1467.09690839
31,17,1076.23397392,829.941915399
31,18,2784.30289403,2485.88248815
31,19,44.8458531579,36.7300470744
31,20,1032.62799751,853.251691073
31,21,682.791088409,586.298430124
31,22,1276.83740755,1044.10993957
31,23,3593.42039706,2866.76333561
31,24,1459.04632914,832.653325897
31,25,1529.13578764,1270.70752339
31,26,1460.47715566,906.497780206
31,27,207.400651194,163.673198104
31,28,143.360303428,109.674664754
31,29,978.150701717,879.039981915
31,30,541.846670684,439.876693457
31,31,965.955330436,588.937305141
31,32,1382.98482046,1105.59438617
31,33,1141.4373317,810.885939049
31,34,3158.50775211,2538.30998668
31,35,457.331556011,390.089617512
31,36,999.687182325,713.373137705
31,37,479.715662885,367.016047419
31,38,13786.9884825,11862.8324509
31,40,4585.01520245,3959.45164149
31,41,1405.8035253,946.845192518
31,42,881.970722103,687.969105511
31,44,1178.12717934,1110.00148767
31,45,8.64632976886,5.08442580285
31,46,1613.56093534,1250.7729451
31,47,50.8763597495,17.6622368703
31,48,0,0
31,49,2584.61387097,1974.08037963
31,51,6.64320784301,6.53675538322
31,52,247.737714672,189.498437914
31,54,97.4621121181,84.3380881463
31,55,1856.6515407,1633.55629503
31,56,899.432219519,553.658923824
31,58,2021.99058205,1588.32084244
31,59,674.414020639,657.775273416
31,60,148.509500292,108.194012395
31,67,1979.26526726,910.365895654
31,71,1367.70932224,1098.37411101
31,72,14267.2138363,12204.4908101
31,74,1733.18172593,1467.12557489
31,77,54.4277774016,52.1515607353
31,78,2.39697786896,0.980664907841
31,79,3890.67213588,2547.09872259
31,80,2069.57330212,1860.30604299
31,81,2147.85098541,1560.14207752
31,82,10470.9863103,10107.9439297
31,83,1441.92015384,1223.8635162
31,85,358.729135339,298.858245093
31,87,1277.39410662,949.624086349
31,90,14017.0322783,13075.7556993
31,91,3760.69364018,2756.15744969
31,92,9411.30400065,7630.49882006
31,93,5308.79500384,4160.49129683
31,94,6025.79110873,5052.7990294
31,95,6905.46423065,5712.51863491
31,96,7049.27285823,6565.80984633
31,97,1937.02307915,1384.41536972
31,98,1283.99838561,1059.77034704
31,99,1257.64327593,1232.60423822
31,39,0,0
31,50,0,0
31,43,0,0
31,65,0,0
32,1,9744.72902605,6791.56280695
32,2,3539.8878947,3130.05907712
32,3,3032.9410167,2031.50047817
32,4,1416.77095728,1101.15137742
32,5,5887.99187085,4791.32412862
32,6,3528.95832479,3308.96147856
32,7,7077.21370741,6412.41145203
32,8,1370.46693804,1067.39615807
32,9,3805.88867311,3051.1067462
32,10,4823.72068519,3475.6436241
32,11,2522.08075953,1733.67690088
32,12,505.641901773,408.21000667
32,13,1218.77743233,966.634501315
32,14,1198.36092145,960.065060517
32,16,5446.15852763,3742.6147745
32,17,1566.81757154,1259.34944552
32,18,3008.97710117,1494.11886614
32,19,560.938423389,409.440840638
32,20,702.087668723,553.814329863
32,21,994.201498236,891.512514012
32,22,1361.25774922,1081.20326288
32,23,2450.65614774,2045.07899572
32,24,979.510634504,806.559967994
32,25,1471.14234717,1203.83552988
32,26,1025.48112885,773.835842759
32,27,461.679333737,391.788586678
32,28,160.722467315,134.371666553
32,29,505.298420347,419.928929362
32,30,533.644991757,387.320332875
32,31,866.44130887,751.577882712
32,32,782.655479409,628.483312694
32,33,908.627256229,775.963876818
32,34,2934.70442618,2448.0906703
32,35,456.52570383,342.5979729
32,36,983.618243631,814.8648687
32,37,467.484439526,388.933650053
32,38,10507.0831976,8832.365945
32,40,3146.39645451,2445.73416629
32,41,2702.47852312,2438.73005045
32,42,957.197092884,789.519576836
32,44,732.6435685,589.03899558
32,45,23.7135190139,16.2743868126
32,46,1741.28110611,1479.25750793
32,47,119.213471791,60.4188691659
32,48,8.68851382901,3.00138893068
32,49,1359.9983296,1112.35813338
32,51,25.995501331,25.5870040595
32,52,418.953931348,325.527477201
32,54,99.1208957198,90.763851918
32,55,1336.39855691,1017.40985371
32,56,3066.87840139,1850.24942018
32,58,1518.33219743,1097.61223353
32,59,142.446861701,111.955909373
32,60,190.338591611,129.616703864
32,67,3107.6228069,1562.45515903
32,71,1224.14838778,958.165345876
32,72,7681.92616783,5605.53262734
32,74,2000.09096118,1661.88529674
32,77,30.906764043,30.2709016471
32,78,2.69732683183,1.30768165583
32,79,1784.41810003,1428.75950256
32,80,2337.66442057,2015.69933028
32,81,767.96112343,611.390817612
32,82,10990.7960644,10853.2978355
32,83,441.25676304,344.944490896
32,85,517.702641085,386.129220714
32,87,1518.81833212,1280.4838004
32,90,3618.27573087,3102.65021547
32,91,2327.18644722,1746.38697909
32,92,4762.90926399,3659.05124685
32,93,3141.20944283,2671.56394933
32,94,3231.55316946,2748.70380428
32,95,3035.57344044,2353.20982035
32,96,489.432476077,398.687378761
32,97,1090.79932623,836.899434241
32,98,850.459787129,659.505049979
32,99,1383.07252115,1363.03945816
32,39,0,0
32,50,0,0
32,43,0,0
32,65,0,0
33,1,1164.80141277,958.013625413
33,2,432.450274135,341.555840475
33,3,247.86412389,181.680839088
33,4,653.555935538,512.330407384
33,5,89.7497533467,79.523642454
33,6,8.94317757065,8.40747479678
33,7,2622.09853753,2598.46239812
33,8,318.580322794,279.291323351
33,9,46.8808836267,34.7110343552
33,10,58.7203674942,46.0854884071
33,11,158.495819059,141.715821471
33,12,17.1139080513,13.0254970078
33,13,455.167896803,366.10262434
33,14,354.674721927,306.571146787
33,16,157.688438951,125.423910193
33,17,167.758032645,158.626356804
33,18,568.652605177,534.77982027
33,19,0,0
33,20,52.1393750387,41.0829530141
33,21,58.467566637,48.2295459693
33,22,68.1225497748,62.6392794348
33,23,4.7962039253,2.65581395349
33,24,32.547578919,17.645845127
33,25,16.8249989934,13.9308199966
33,26,120.87582994,91.5117613492
33,27,0.0,0.0
33,28,0,0
33,29,0,0
33,30,0,0
33,31,38.248400965,19.8497995494
33,32,0,0
33,33,24.7690485579,13.4665436289
33,34,1.80873059991,0.959378996872
33,35,6.00929978834,1.71218766384
33,36,1.23449017936e-14,2.16257161347e-15
33,37,0,0
33,38,5159.36314121,4306.63104551
33,40,671.257665464,520.09088314
33,41,63.4916748871,45.9235764099
33,42,31.5600831796,24.4817558926
33,44,2.62779910804,1.09647441547
33,45,0,0
33,46,348.169995654,285.082419112
33,47,0,0
33,48,0,0
33,49,0,0
33,51,0,0
33,52,31.6319151484,23.0669891773
33,54,0,0
33,55,37.8622474054,29.61793018
33,56,9.12504048165,1.56510914996
33,58,0,0
33,59,543.080148645,542.804365781
33,60,58.1596202101,44.2023837263
33,67,257.049186989,209.277988668
33,71,1.35445939204e-16,2.06553647904e-17
33,72,5.02424548505,2.41867248802
33,74,128.03032074,97.531978161
33,77,0,0
33,78,0,0
33,79,1135.84812868,938.719819583
33,80,675.434925172,548.505443256
33,81,577.708595998,450.390826171
33,82,364.680501022,299.889817671
33,83,655.955696693,440.098943654
33,85,0,0
33,87,258.32363639,202.738205351
33,90,1112.88173175,911.013622786
33,91,1074.26571999,852.180341622
33,92,2487.01035125,1924.79319287
33,93,3282.66493572,2702.39599889
33,94,3411.48872391,2810.75893024
33,95,2813.16782374,2241.43089873
33,96,2950.12612174,2716.93891126
33,97,419.527751786,330.063158478
33,98,639.446219312,514.589762972
33,99,0,0
33,39,0,0
33,50,0,0
33,43,0,0
33,65,0,0
34,1,5814.49088651,3054.71289645
34,2,1760.18235882,1375.08414859
34,3,1996.67564144,1108.66540475
34,4,1719.24487274,1387.10170083
34,5,8951.58239692,8288.96225553
34,6,1540.96647434,1269.90070917
34,7,4878.82050926,4274.28148984
34,8,1965.40452382,1662.27733322
34,9,2865.25633969,2247.14128842
34,10,2928.71790226,2224.94510442
34,11,4580.35986528,3414.82850671
34,12,811.645050325,582.683881363
34,13,2501.41330072,2146.20685469
34,14,1898.53572733,1578.64903095
34,16,3910.48773381,2876.28113557
34,17,1010.85741832,791.336903576
34,18,2738.92866656,1933.99427619
34,19,135.559697461,130.170303731
34,20,643.8729215,529.563724234
34,21,666.832980225,536.35584828
34,22,1485.04806657,1326.29172959
34,23,1697.55391674,1218.04786235
34,24,713.5019395,566.559185782
34,25,825.452933703,633.292064472
34,26,1719.67000958,1543.04765837
34,27,148.45814999,115.149515204
34,28,64.4003534602,46.4860997037
34,29,522.043199186,446.801126769
34,30,362.642416611,304.726160694
34,31,297.161790539,203.572428059
34,32,1353.9569111,1027.15070276
34,33,912.022622891,740.846465607
34,34,3025.27857792,2748.40205195
34,35,568.594923068,484.587574319
34,36,501.38729565,379.768734963
34,37,569.964998497,481.046948073
34,38,5707.26587004,4723.10488852
34,40,2628.87024567,2210.5075679
34,41,624.211318007,463.705344564
34,42,809.553180276,671.445910218
34,44,828.330169998,606.672027721
34,45,21.5777265526,11.7042009865
34,46,1061.22062152,823.425706271
34,47,127.501463457,56.434935815
34,48,2245.57648574,1497.55976495
34,49,1546.63470425,1256.0712716
34,51,18.540586077,17.9579476774
34,52,531.114602939,453.022225217
34,54,43.5181705755,37.7340858651
34,55,2745.61903839,2388.08537125
34,56,1968.63404764,1082.20845407
34,58,1890.36948766,1682.74056933
34,59,1499.97959292,1496.20693476
34,60,68.1280548311,57.1746971054
34,67,1996.47642402,1218.59515616
34,71,873.65691718,681.130514605
34,72,5506.10868894,4325.21829323
34,74,800.091449651,622.651290513
34,77,49.8174905273,49.8174905273
